date,crude_oil_stocks,refinery_utilisation,natural_gas_storage
2000-01-09,844791.0,19363.0,
2000-01-16,844982.0,18222.0,
2000-01-23,843147.0,19116.0,
2000-01-30,835028.0,19899.0,
2000-02-06,838976.0,19123.0,
2000-02-13,839088.0,19206.0,
2000-02-20,838780.0,19438.0,
2000-02-27,838911.0,19169.0,
2000-03-05,843876.0,17933.0,
2000-03-12,844307.0,19995.0,
2000-03-19,845945.0,19022.0,
2000-03-26,845795.0,19284.0,
2000-04-02,847336.0,18862.0,
2000-04-09,850183.0,18556.0,
2000-04-16,855678.0,19672.0,
2000-04-23,860748.0,18735.0,
2000-04-30,857484.0,18842.0,
2000-05-07,862020.0,19378.0,
2000-05-14,862270.0,18932.0,
2000-05-21,863219.0,19990.0,
2000-05-28,858618.0,19458.0,
2000-06-04,854488.0,18817.0,
2000-06-11,853052.0,19345.0,
2000-06-18,848491.0,19965.0,
2000-06-25,847822.0,19740.0,
2000-07-02,846028.0,19746.0,
2000-07-09,847777.0,19135.0,
2000-07-16,847768.0,20022.0,
2000-07-23,848042.0,19268.0,
2000-07-30,837588.0,20143.0,
2000-08-06,840011.0,20341.0,
2000-08-13,843925.0,20464.0,
2000-08-20,839767.0,19394.0,
2000-08-27,842054.0,20226.0,
2000-09-03,844797.0,19776.0,
2000-09-10,844129.0,20320.0,
2000-09-17,841647.0,20133.0,
2000-09-24,841146.0,20318.0,
2000-10-01,841541.0,19558.0,
2000-10-08,842032.0,18974.0,
2000-10-15,837997.0,20289.0,
2000-10-22,840402.0,20436.0,
2000-10-29,836037.0,20217.0,
2000-11-05,832589.0,20499.0,
2000-11-12,832589.0,19871.0,
2000-11-19,834581.0,20063.0,
2000-11-26,828454.0,19243.0,
2000-12-03,828995.0,19111.0,
2000-12-10,820530.0,20631.0,
2000-12-17,819194.0,20611.0,
2000-12-24,816514.0,20080.0,
2000-12-31,813959.0,21494.0,
2001-01-07,812750.0,21098.0,
2001-01-14,811740.0,20817.0,
2001-01-21,810630.0,19414.0,
2001-01-28,807060.0,20248.0,
2001-02-04,810971.0,20342.0,
2001-02-11,814338.0,20001.0,
2001-02-18,802458.0,19025.0,
2001-02-25,805337.0,20161.0,
2001-03-04,802625.0,20768.0,
2001-03-11,811050.0,19803.0,
2001-03-18,816213.0,19814.0,
2001-03-25,827401.0,19288.0,
2001-04-01,829086.0,19067.0,
2001-04-08,832897.0,18541.0,
2001-04-15,839107.0,19025.0,
2001-04-22,837742.0,18880.0,
2001-04-29,844067.0,18820.0,
2001-05-06,845144.0,20180.0,
2001-05-13,848081.0,18694.0,
2001-05-20,851423.0,19906.0,
2001-05-27,849681.0,18786.0,
2001-06-03,851183.0,18451.0,
2001-06-10,842979.0,19138.0,
2001-06-17,842251.0,18310.0,
2001-06-24,842243.0,19651.0,
2001-07-01,837490.0,20059.0,
2001-07-08,834845.0,19060.0,
2001-07-15,841866.0,19857.0,
2001-07-22,843246.0,19948.0,
2001-07-29,842196.0,20175.0,
2001-08-05,835537.0,19187.0,
2001-08-12,832688.0,19943.0,
2001-08-19,828685.0,20294.0,
2001-08-26,831382.0,20079.0,
2001-09-02,829428.0,19955.0,
2001-09-09,830389.0,19522.0,
2001-09-16,830307.0,19069.0,
2001-09-23,833974.0,17889.0,
2001-09-30,835586.0,19549.0,
2001-10-07,835459.0,19431.0,
2001-10-14,831019.0,19607.0,
2001-10-21,833842.0,19889.0,
2001-10-28,836298.0,20172.0,
2001-11-04,840757.0,20490.0,
2001-11-11,841019.0,19126.0,
2001-11-18,840320.0,19622.0,
2001-11-25,837664.0,19041.0,
2001-12-02,842465.0,19224.0,
2001-12-09,840128.0,19411.0,
2001-12-16,841508.0,20468.0,
2001-12-23,844824.0,20516.0,
2001-12-30,842654.0,19609.0,
2002-01-06,844645.0,18954.0,
2002-01-13,846705.0,19630.0,
2002-01-20,850640.0,19007.0,
2002-01-27,853793.0,18899.0,
2002-02-03,856721.0,19242.0,
2002-02-10,862065.0,18943.0,
2002-02-17,859337.0,19782.0,
2002-02-24,858593.0,19336.0,
2002-03-03,863481.0,19855.0,
2002-03-10,864053.0,18459.0,
2002-03-17,867613.0,18856.0,
2002-03-24,863169.0,19573.0,
2002-03-31,869193.0,19220.0,
2002-04-07,870028.0,19517.0,
2002-04-14,865998.0,19727.0,
2002-04-21,869400.0,19153.0,
2002-04-28,874551.0,19472.0,
2002-05-05,870114.0,19368.0,
2002-05-12,866889.0,19236.0,
2002-05-19,872140.0,19875.0,
2002-05-26,871756.0,19353.0,
2002-06-02,879039.0,19587.0,
2002-06-09,878974.0,19338.0,
2002-06-16,879382.0,18953.0,
2002-06-23,877526.0,20108.0,
2002-06-30,880183.0,20191.0,
2002-07-07,876805.0,19433.0,
2002-07-14,875906.0,19013.0,
2002-07-21,872747.0,19620.0,
2002-07-28,870770.0,20066.0,
2002-08-04,869164.0,20290.0,
2002-08-11,862532.0,20357.0,
2002-08-18,865875.0,20181.0,
2002-08-25,866770.0,20328.0,
2002-09-01,862811.0,20015.0,
2002-09-08,859139.0,19209.0,
2002-09-15,855101.0,19512.0,
2002-09-22,852861.0,19360.0,
2002-09-29,844179.0,19224.0,
2002-10-06,840480.0,19711.0,
2002-10-13,850954.0,18804.0,
2002-10-20,858130.0,19043.0,
2002-10-27,859477.0,19990.0,
2002-11-03,863471.0,19796.0,
2002-11-10,858147.0,19214.0,
2002-11-17,863910.0,19611.0,
2002-11-24,861568.0,20498.0,
2002-12-01,865775.0,20681.0,
2002-12-08,869699.0,19508.0,
2002-12-15,868583.0,19950.0,
2002-12-22,870009.0,20211.0,
2002-12-29,860984.0,20434.0,
2003-01-05,861603.0,19780.0,
2003-01-12,855330.0,19263.0,
2003-01-19,856915.0,20105.0,
2003-01-26,856403.0,20281.0,
2003-02-02,857347.0,20819.0,
2003-02-09,853026.0,19151.0,
2003-02-16,856084.0,20353.0,
2003-02-23,855050.0,20064.0,
2003-03-02,856747.0,20078.0,
2003-03-09,852459.0,19887.0,
2003-03-16,852931.0,20301.0,
2003-03-23,856636.0,20164.0,
2003-03-30,863369.0,19831.0,
2003-04-06,859871.0,20767.0,
2003-04-13,860204.0,19698.0,
2003-04-20,869175.0,19459.0,
2003-04-27,870997.0,19396.0,
2003-05-04,870684.0,20701.0,
2003-05-11,868766.0,19854.0,
2003-05-18,870120.0,19895.0,
2003-05-25,871669.0,20598.0,
2003-06-01,875458.0,19977.0,
2003-06-08,872215.0,19849.0,
2003-06-15,877458.0,20589.0,
2003-06-22,873611.0,20027.0,
2003-06-29,873290.0,20727.0,
2003-07-06,874511.0,20226.0,
2003-07-13,871489.0,19181.0,
2003-07-20,869850.0,20040.0,
2003-07-27,871644.0,20292.0,
2003-08-03,876495.0,20003.0,
2003-08-10,876824.0,20737.0,
2003-08-17,875376.0,20573.0,
2003-08-24,878418.0,20590.0,
2003-08-31,881246.0,20291.0,
2003-09-07,878240.0,18892.0,
2003-09-14,883161.0,19265.0,
2003-09-21,885790.0,19083.0,
2003-09-28,886376.0,18949.0,
2003-10-05,893028.0,19971.0,
2003-10-12,898706.0,20164.0,
2003-10-19,898318.0,19192.0,
2003-10-26,903615.0,19681.0,
2003-11-02,904900.0,20555.0,
2003-11-09,905184.0,20203.0,
2003-11-16,909107.0,20124.0,
2003-11-23,904631.0,20068.0,
2003-11-30,900547.0,19768.0,
2003-12-07,895901.0,19714.0,
2003-12-14,891298.0,20530.0,
2003-12-21,893901.0,20345.0,
2003-12-28,890821.0,20109.0,
2004-01-04,890843.0,19320.0,
2004-01-11,886904.0,19303.0,
2004-01-18,888425.0,20011.0,
2004-01-25,887785.0,20810.0,
2004-02-01,896308.0,20754.0,
2004-02-08,894047.0,20326.0,
2004-02-15,900536.0,21071.0,
2004-02-22,902419.0,20941.0,
2004-02-29,905673.0,19503.0,
2004-03-07,910271.0,19662.0,
2004-03-14,912509.0,19501.0,
2004-03-21,921410.0,19574.0,
2004-03-28,928421.0,19570.0,
2004-04-04,928261.0,20580.0,
2004-04-11,932251.0,20639.0,
2004-04-18,933786.0,20051.0,
2004-04-25,939155.0,19553.0,
2004-05-02,940336.0,18932.0,
2004-05-09,942709.0,20706.0,
2004-05-16,941911.0,20606.0,
2004-05-23,942085.0,20440.0,
2004-05-30,945730.0,20240.0,
2004-06-06,947442.0,20618.0,
2004-06-13,948290.0,20322.0,
2004-06-20,950705.0,20598.0,
2004-06-27,951242.0,20700.0,
2004-07-04,951332.0,20222.0,
2004-07-11,949656.0,20316.0,
2004-07-18,946080.0,19678.0,
2004-07-25,948346.0,20682.0,
2004-08-01,947080.0,20689.0,
2004-08-08,944097.0,20767.0,
2004-08-15,943398.0,20477.0,
2004-08-22,942724.0,20863.0,
2004-08-29,939800.0,20699.0,
2004-09-05,938757.0,20926.0,
2004-09-12,932043.0,20350.0,
2004-09-19,923487.0,20209.0,
2004-09-26,927473.0,19888.0,
2004-10-03,928062.0,20299.0,
2004-10-10,931315.0,20438.0,
2004-10-17,932262.0,20601.0,
2004-10-24,936852.0,20308.0,
2004-10-31,943244.0,20216.0,
2004-11-07,945555.0,20475.0,
2004-11-14,947295.0,21403.0,
2004-11-21,947379.0,20404.0,
2004-11-28,948228.0,20118.0,
2004-12-05,950294.0,20526.0,
2004-12-12,950630.0,20928.0,
2004-12-19,953126.0,20782.0,
2004-12-26,952267.0,21449.0,
2005-01-02,949442.0,20847.0,
2005-01-09,948666.0,20466.0,
2005-01-16,952921.0,20210.0,
2005-01-23,957508.0,21225.0,
2005-01-30,958193.0,20957.0,
2005-02-06,957831.0,21064.0,
2005-02-13,960813.0,21007.0,
2005-02-20,961965.0,20597.0,
2005-02-27,964814.0,20730.0,
2005-03-06,968291.0,20291.0,
2005-03-13,972526.0,21263.0,
2005-03-20,978334.0,20851.0,
2005-03-27,985227.0,20325.0,
2005-04-03,988651.0,20213.0,
2005-04-10,993556.0,20195.0,
2005-04-17,992836.0,20559.0,
2005-04-24,999187.0,20380.0,
2005-05-01,1002342.0,20402.0,
2005-05-08,1005574.0,20385.0,
2005-05-15,1010372.0,20273.0,
2005-05-22,1009127.0,20584.0,
2005-05-29,1011001.0,20433.0,
2005-06-05,1008650.0,20592.0,
2005-06-12,1007863.0,20998.0,
2005-06-19,1006912.0,20471.0,
2005-06-26,1008253.0,20169.0,
2005-07-03,1005184.0,21497.0,
2005-07-10,1001985.0,20656.0,
2005-07-17,1001569.0,20404.0,
2005-07-24,999840.0,20972.0,
2005-07-31,1000241.0,20854.0,
2005-08-07,1003723.0,21575.0,
2005-08-14,1004787.0,21352.0,
2005-08-21,1007114.0,21499.0,
2005-08-28,1005863.0,21592.0,
2005-09-04,999438.0,20871.0,
2005-09-11,991578.0,19952.0,
2005-09-18,988520.0,20381.0,
2005-09-25,985144.0,19672.0,
2005-10-02,982648.0,19755.0,
2005-10-09,980844.0,20246.0,
2005-10-16,984579.0,20404.0,
2005-10-23,987393.0,20837.0,
2005-10-30,988227.0,20435.0,
2005-11-06,991936.0,20174.0,
2005-11-13,989977.0,20705.0,
2005-11-20,990031.0,20655.0,
2005-11-27,986543.0,20374.0,
2005-12-04,989830.0,20535.0,
2005-12-11,990722.0,21642.0,
2005-12-18,991522.0,22156.0,
2005-12-25,991640.0,21878.0,
2006-01-01,990127.0,20801.0,
2006-01-08,986884.0,20772.0,
2006-01-15,989625.0,20805.0,
2006-01-22,987512.0,19834.0,
2006-01-29,988635.0,20220.0,
2006-02-05,988423.0,19803.0,
2006-02-12,993276.0,21020.0,
2006-02-19,994797.0,21088.0,
2006-02-26,996735.0,20889.0,
2006-03-05,1003576.0,19880.0,
2006-03-12,1008412.0,20897.0,
2006-03-19,1007502.0,20621.0,
2006-03-26,1010032.0,20604.0,
2006-04-02,1012742.0,20532.0,
2006-04-09,1016051.0,20738.0,
2006-04-16,1015684.0,20415.0,
2006-04-23,1015678.0,20734.0,
2006-04-30,1017903.0,20111.0,
2006-05-07,1018672.0,21200.0,
2006-05-14,1019149.0,20953.0,
2006-05-21,1016151.0,20976.0,
2006-05-28,1017749.0,21272.0,
2006-06-04,1019032.0,20603.0,
2006-06-11,1018051.0,20701.0,
2006-06-18,1019438.0,20971.0,
2006-06-25,1016108.0,20877.0,
2006-07-02,1013687.0,20881.0,
2006-07-09,1007007.0,20563.0,
2006-07-16,1007157.0,20445.0,
2006-07-23,1007187.0,20909.0,
2006-07-30,1005412.0,21113.0,
2006-08-06,1004225.0,21283.0,
2006-08-13,1002618.0,21032.0,
2006-08-20,1001973.0,21454.0,
2006-08-27,1004453.0,21294.0,
2006-09-03,1002349.0,21173.0,
2006-09-10,999443.0,20953.0,
2006-09-17,996594.0,20760.0,
2006-09-24,996484.0,20705.0,
2006-10-01,999839.0,20228.0,
2006-10-08,1002059.0,20938.0,
2006-10-15,1007078.0,21441.0,
2006-10-22,1004142.0,21502.0,
2006-10-29,1006295.0,21484.0,
2006-11-05,1006889.0,21076.0,
2006-11-12,1008262.0,21317.0,
2006-11-19,1013423.0,20331.0,
2006-11-26,1013063.0,21158.0,
2006-12-03,1011873.0,21116.0,
2006-12-10,1007578.0,21349.0,
2006-12-17,1001255.0,20918.0,
2006-12-24,993123.0,20781.0,
2006-12-31,991824.0,20368.0,
2007-01-07,986075.0,19562.0,
2007-01-14,992843.0,20201.0,
2007-01-21,993632.0,20369.0,
2007-01-28,996316.0,20869.0,
2007-02-04,995798.0,21637.0,
2007-02-11,995209.0,21815.0,
2007-02-18,998903.0,22037.0,
2007-02-25,1000324.0,21698.0,
2007-03-04,995426.0,21273.0,
2007-03-11,996606.0,21003.0,
2007-03-18,1000530.0,21344.0,
2007-03-25,999683.0,20807.0,
2007-04-01,1003990.0,20747.0,
2007-04-08,1004880.0,20823.0,
2007-04-15,1004140.0,20825.0,
2007-04-22,1006324.0,21076.0,
2007-04-29,1007781.0,20796.0,
2007-05-06,1013417.0,20795.0,
2007-05-13,1014610.0,20831.0,
2007-05-20,1016661.0,20786.0,
2007-05-27,1015002.0,21235.0,
2007-06-03,1015497.0,20972.0,
2007-06-10,1015579.0,21062.0,
2007-06-17,1022481.0,20517.0,
2007-06-24,1024043.0,21087.0,
2007-07-01,1027194.0,20616.0,
2007-07-08,1025606.0,21069.0,
2007-07-15,1025157.0,21008.0,
2007-07-22,1024054.0,21006.0,
2007-07-29,1017557.0,20900.0,
2007-08-05,1013596.0,21090.0,
2007-08-12,1008429.0,21139.0,
2007-08-19,1010319.0,21305.0,
2007-08-26,1006834.0,21260.0,
2007-09-02,1002862.0,21422.0,
2007-09-09,996015.0,20449.0,
2007-09-16,992616.0,20559.0,
2007-09-23,996087.0,20184.0,
2007-09-30,997488.0,20640.0,
2007-10-07,995678.0,20792.0,
2007-10-14,997964.0,21024.0,
2007-10-21,993222.0,20660.0,
2007-10-28,989420.0,20412.0,
2007-11-04,988552.0,20661.0,
2007-11-11,992011.0,20627.0,
2007-11-18,991033.0,21350.0,
2007-11-25,990581.0,20863.0,
2007-12-02,983304.0,20795.0,
2007-12-09,982309.0,20977.0,
2007-12-16,974820.0,21050.0,
2007-12-23,971422.0,21535.0,
2007-12-30,968240.0,21349.0,
2008-01-06,961910.0,21288.0,
2008-01-13,967689.0,20469.0,
2008-01-20,970063.0,20749.0,
2008-01-27,973617.0,20785.0,
2008-02-03,980594.0,20490.0,
2008-02-10,981755.0,20118.0,
2008-02-17,985959.0,21311.0,
2008-02-24,989418.0,20407.0,
2008-03-02,986496.0,20383.0,
2008-03-09,993007.0,20081.0,
2008-03-16,993822.0,20164.0,
2008-03-23,993909.0,20485.0,
2008-03-30,1001473.0,20402.0,
2008-04-06,998888.0,20769.0,
2008-04-13,997173.0,20591.0,
2008-04-20,999713.0,21116.0,
2008-04-27,1003768.0,20241.0,
2008-05-04,1009413.0,20496.0,
2008-05-11,1010250.0,20274.0,
2008-05-18,1005591.0,20347.0,
2008-05-25,997347.0,20807.0,
2008-06-01,993358.0,20153.0,
2008-06-08,988932.0,20243.0,
2008-06-15,988181.0,20456.0,
2008-06-22,989086.0,20079.0,
2008-06-29,988081.0,20590.0,
2008-07-06,982508.0,20320.0,
2008-07-13,985572.0,20198.0,
2008-07-20,984130.0,19903.0,
2008-07-27,984165.0,20204.0,
2008-08-03,986178.0,20215.0,
2008-08-10,986262.0,20372.0,
2008-08-17,995651.0,20106.0,
2008-08-24,995473.0,20133.0,
2008-08-31,993575.0,20555.0,
2008-09-07,987695.0,19784.0,
2008-09-14,981366.0,19049.0,
2008-09-21,978423.0,18784.0,
2008-09-28,981326.0,18465.0,
2008-10-05,987518.0,18341.0,
2008-10-12,992849.0,18865.0,
2008-10-19,995784.0,19193.0,
2008-10-26,996223.0,19113.0,
2008-11-02,996277.0,19216.0,
2008-11-09,996225.0,19004.0,
2008-11-16,997823.0,18972.0,
2008-11-23,1005103.0,19482.0,
2008-11-30,1004647.0,19606.0,
2008-12-07,1004997.0,19149.0,
2008-12-14,1005522.0,20192.0,
2008-12-21,1002419.0,20191.0,
2008-12-28,1002966.0,20211.0,
2009-01-04,1009060.0,19836.0,
2009-01-11,1010270.0,18640.0,
2009-01-18,1016543.0,19097.0,
2009-01-25,1023494.0,20151.0,
2009-02-01,1031387.0,20306.0,
2009-02-08,1036330.0,19662.0,
2009-02-15,1036291.0,19690.0,
2009-02-22,1037237.0,19233.0,
2009-03-01,1037212.0,19577.0,
2009-03-08,1038519.0,18892.0,
2009-03-15,1042262.0,18787.0,
2009-03-22,1047411.0,19191.0,
2009-03-29,1051927.0,18591.0,
2009-04-05,1055215.0,18867.0,
2009-04-12,1062149.0,18239.0,
2009-04-19,1067304.0,18160.0,
2009-04-26,1072582.0,18429.0,
2009-05-03,1075600.0,18019.0,
2009-05-10,1071826.0,18168.0,
2009-05-17,1070460.0,18403.0,
2009-05-24,1066332.0,18579.0,
2009-05-31,1069282.0,17679.0,
2009-06-07,1064886.0,18725.0,
2009-06-14,1061597.0,18964.0,
2009-06-21,1058224.0,17913.0,
2009-06-28,1055203.0,18169.0,
2009-07-05,1052501.0,18494.0,
2009-07-12,1050368.0,18846.0,
2009-07-19,1048571.0,18917.0,
2009-07-26,1053722.0,18713.0,
2009-08-02,1055392.0,19287.0,
2009-08-09,1058086.0,18702.0,
2009-08-16,1049688.0,19279.0,
2009-08-23,1049816.0,19473.0,
2009-08-30,1049443.0,19713.0,
2009-09-06,1043637.0,19522.0,
2009-09-13,1039407.0,19104.0,
2009-09-20,1042760.0,18476.0,
2009-09-27,1045554.0,18909.0,
2009-10-04,1044419.0,18733.0,
2009-10-11,1044753.0,18936.0,
2009-10-18,1046063.0,18669.0,
2009-10-25,1046839.0,18523.0,
2009-11-01,1042903.0,19144.0,
2009-11-08,1044690.0,18315.0,
2009-11-15,1043803.0,18506.0,
2009-11-22,1044821.0,18820.0,
2009-11-29,1047435.0,18323.0,
2009-12-06,1044166.0,18348.0,
2009-12-13,1040477.0,19572.0,
2009-12-20,1035635.0,19377.0,
2009-12-27,1034096.0,19062.0,
2010-01-03,1033243.0,18755.0,3117.0
2010-01-10,1036941.0,18637.0,2850.0
2010-01-17,1036470.0,18736.0,2607.0
2010-01-24,1032581.0,18884.0,2521.0
2010-01-31,1034898.0,18742.0,2406.0
2010-02-07,1037189.0,19261.0,2214.0
2010-02-14,1040274.0,19092.0,2026.0
2010-02-21,1043308.0,19283.0,1853.0
2010-02-28,1047340.0,19618.0,1738.0
2010-03-07,1048808.0,19653.0,1627.0
2010-03-14,1049820.0,18832.0,1614.0
2010-03-21,1057064.0,19336.0,1626.0
2010-03-28,1059993.0,19021.0,1638.0
2010-04-04,1062138.0,18907.0,1670.0
2010-04-11,1059934.0,19012.0,1754.0
2010-04-18,1061826.0,18484.0,1828.0
2010-04-25,1063788.0,18428.0,1912.0
2010-05-02,1066543.0,19467.0,1994.0
2010-05-09,1068460.0,19320.0,2091.0
2010-05-16,1068620.0,19604.0,2165.0
2010-05-23,1071080.0,19714.0,2268.0
2010-05-30,1069176.0,20021.0,2357.0
2010-06-06,1067501.0,19316.0,2456.0
2010-06-13,1069190.0,19135.0,2542.0
2010-06-20,1071207.0,19498.0,2625.0
2010-06-27,1069198.0,18967.0,2684.0
2010-07-04,1064153.0,19599.0,2761.0
2010-07-11,1059095.0,18724.0,2841.0
2010-07-18,1059455.0,19281.0,2893.0
2010-07-25,1066761.0,19642.0,2919.0
2010-08-01,1063977.0,19302.0,2947.0
2010-08-08,1060976.0,19472.0,2984.0
2010-08-15,1060158.0,19415.0,3013.0
2010-08-22,1064264.0,19293.0,3054.0
2010-08-29,1067688.0,19590.0,3105.0
2010-09-05,1065918.0,19447.0,3163.0
2010-09-12,1063429.0,19216.0,3267.0
2010-09-19,1063995.0,19098.0,3341.0
2010-09-26,1063693.0,19754.0,3415.0
2010-10-03,1066536.0,18784.0,3499.0
2010-10-10,1066283.0,18714.0,3590.0
2010-10-17,1066948.0,18682.0,3683.0
2010-10-24,1071996.0,19366.0,3754.0
2010-10-31,1073946.0,19267.0,3821.0
2010-11-07,1070399.0,19609.0,3840.0
2010-11-14,1063113.0,18919.0,3834.0
2010-11-21,1064141.0,19010.0,3828.0
2010-11-28,1065206.0,18454.0,3805.0
2010-12-05,1061072.0,19936.0,3717.0
2010-12-12,1051218.0,20209.0,3553.0
2010-12-19,1045883.0,19981.0,3369.0
2010-12-26,1044625.0,20749.0,3232.0
2011-01-02,1040464.0,19059.0,3097.0
2011-01-09,1038071.0,18958.0,2960.0
2011-01-16,1040687.0,19113.0,2716.0
2011-01-23,1045523.0,19035.0,2543.0
2011-01-30,1048117.0,18787.0,2355.0
2011-02-06,1049948.0,19157.0,2144.0
2011-02-13,1050807.0,19793.0,1910.0
2011-02-20,1051629.0,19664.0,1831.0
2011-02-27,1051265.0,18958.0,1745.0
2011-03-06,1053641.0,19669.0,1672.0
2011-03-13,1055386.0,19111.0,1616.0
2011-03-20,1057517.0,19310.0,1611.0
2011-03-27,1060462.0,18605.0,1622.0
2011-04-03,1062078.0,19183.0,1578.0
2011-04-10,1063705.0,19258.0,1606.0
2011-04-17,1061383.0,19274.0,1654.0
2011-04-24,1067539.0,19588.0,1685.0
2011-05-01,1070960.0,18332.0,1757.0
2011-05-08,1074592.0,18164.0,1827.0
2011-05-15,1074577.0,18515.0,1919.0
2011-05-22,1075193.0,18916.0,2023.0
2011-05-29,1078071.0,19134.0,2107.0
2011-06-05,1073439.0,19222.0,2188.0
2011-06-12,1070033.0,18806.0,2257.0
2011-06-19,1068311.0,19037.0,2354.0
2011-06-26,1063936.0,18877.0,2432.0
2011-07-03,1063063.0,19232.0,2526.0
2011-07-10,1059939.0,18513.0,2611.0
2011-07-17,1056212.0,18853.0,2671.0
2011-07-24,1056240.0,18426.0,2714.0
2011-07-31,1052688.0,19641.0,2759.0
2011-08-07,1045073.0,20293.0,2783.0
2011-08-14,1043392.0,19414.0,2833.0
2011-08-21,1036377.0,19243.0,2906.0
2011-08-28,1036932.0,19562.0,2960.0
2011-09-04,1028085.0,19386.0,3025.0
2011-09-11,1020381.0,18654.0,3110.0
2011-09-18,1013045.0,19024.0,3201.0
2011-09-25,1014974.0,19083.0,3311.0
2011-10-02,1010295.0,19101.0,3408.0
2011-10-09,1011531.0,18737.0,3521.0
2011-10-16,1006797.0,18329.0,3624.0
2011-10-23,1011532.0,18884.0,3717.0
2011-10-30,1013358.0,18641.0,3793.0
2011-11-06,1011770.0,20037.0,3830.0
2011-11-13,1010713.0,19311.0,3844.0
2011-11-20,1004495.0,18585.0,3853.0
2011-11-27,1008427.0,17946.0,3850.0
2011-12-04,1009576.0,18308.0,3830.0
2011-12-11,1007644.0,18409.0,3729.0
2011-12-18,997074.0,19324.0,3628.0
2011-12-25,1000973.0,18499.0,3548.0
2012-01-01,1003182.0,18023.0,3471.0
2012-01-08,1005007.0,17811.0,3377.0
2012-01-15,1001569.0,17902.0,3290.0
2012-01-22,1005127.0,19241.0,3098.0
2012-01-29,1009302.0,17704.0,2966.0
2012-02-05,1009593.0,17618.0,2888.0
2012-02-12,1009422.0,18655.0,2761.0
2012-02-19,1011055.0,18237.0,2595.0
2012-02-26,1015215.0,18256.0,2513.0
2012-03-04,1016063.0,18178.0,2433.0
2012-03-11,1017813.0,18571.0,2369.0
2012-03-18,1016651.0,17674.0,2380.0
2012-03-25,1023753.0,18204.0,2429.0
2012-04-01,1032762.0,18186.0,2472.0
2012-04-08,1035328.0,19005.0,2478.0
2012-04-15,1039184.0,18863.0,2503.0
2012-04-22,1043162.0,18756.0,2546.0
2012-04-29,1046002.0,18544.0,2576.0
2012-05-06,1051291.0,18603.0,2606.0
2012-05-13,1053419.0,19013.0,2667.0
2012-05-20,1054302.0,18683.0,2744.0
2012-05-27,1056515.0,18320.0,2815.0
2012-06-03,1054752.0,18226.0,2877.0
2012-06-10,1054561.0,19405.0,2944.0
2012-06-17,1057422.0,18599.0,3006.0
2012-06-24,1057289.0,19064.0,3063.0
2012-07-01,1053019.0,19601.0,3102.0
2012-07-08,1048164.0,18535.0,3135.0
2012-07-15,1047355.0,18596.0,3163.0
2012-07-22,1050072.0,19076.0,3190.0
2012-07-29,1043549.0,19150.0,3217.0
2012-08-05,1039774.0,18946.0,3240.0
2012-08-12,1036075.0,20026.0,3261.0
2012-08-19,1030663.0,18747.0,3308.0
2012-08-26,1034441.0,19116.0,3374.0
2012-09-02,1027015.0,18942.0,3402.0
2012-09-09,1027424.0,17999.0,3429.0
2012-09-16,1035960.0,18334.0,3496.0
2012-09-23,1033514.0,18315.0,3576.0
2012-09-30,1033032.0,18720.0,3654.0
2012-10-07,1034544.0,18719.0,3726.0
2012-10-14,1037404.0,19519.0,3776.0
2012-10-21,1043300.0,19136.0,3843.0
2012-10-28,1041255.0,18326.0,3907.0
2012-11-04,1042802.0,18371.0,3928.0
2012-11-11,1043891.0,19346.0,3910.0
2012-11-18,1042425.0,19437.0,3873.0
2012-11-25,1042078.0,18969.0,3876.0
2012-12-02,1039721.0,18337.0,3804.0
2012-12-09,1039861.0,18825.0,3806.0
2012-12-16,1038897.0,19955.0,3724.0
2012-12-23,1038311.0,18857.0,3653.0
2012-12-30,1027191.0,18894.0,3517.0
2013-01-06,1028083.0,17755.0,3316.0
2013-01-13,1027447.0,17954.0,3167.0
2013-01-20,1030260.0,18645.0,2996.0
2013-01-27,1036400.0,18681.0,2802.0
2013-02-03,1039081.0,18052.0,2684.0
2013-02-10,1039803.0,19048.0,2526.0
2013-02-17,1043946.0,18412.0,2400.0
2013-02-24,1045076.0,18680.0,2229.0
2013-03-03,1048812.0,18296.0,2082.0
2013-03-10,1051436.0,18597.0,1938.0
2013-03-17,1050122.0,17765.0,1876.0
2013-03-24,1053378.0,18873.0,1781.0
2013-03-31,1056085.0,18966.0,1687.0
2013-04-07,1055967.0,18121.0,1674.0
2013-04-14,1054734.0,18461.0,1705.0
2013-04-21,1055681.0,18610.0,1734.0
2013-04-28,1062377.0,17937.0,1776.0
2013-05-05,1062748.0,19100.0,1866.0
2013-05-12,1062124.0,18516.0,1964.0
2013-05-19,1061786.0,18846.0,2052.0
2013-05-26,1064786.0,18286.0,2142.0
2013-06-02,1058519.0,18779.0,2252.0
2013-06-09,1061148.0,17923.0,2347.0
2013-06-16,1061461.0,18419.0,2439.0
2013-06-23,1061479.0,18967.0,2533.0
2013-06-30,1051132.0,20392.0,2606.0
2013-07-07,1041395.0,19239.0,2687.0
2013-07-14,1034493.0,19467.0,2745.0
2013-07-21,1031668.0,19787.0,2786.0
2013-07-28,1032099.0,19664.0,2845.0
2013-08-04,1030668.0,19688.0,2940.0
2013-08-11,1027856.0,19088.0,3007.0
2013-08-18,1026428.0,19337.0,3063.0
2013-08-25,1029414.0,19449.0,3131.0
2013-09-01,1027578.0,18911.0,3189.0
2013-09-08,1026960.0,18360.0,3253.0
2013-09-15,1022592.0,19820.0,3299.0
2013-09-22,1025227.0,19261.0,3385.0
2013-09-29,1030699.0,18681.0,3487.0
2013-10-06,1037443.0,19044.0,3577.0
2013-10-13,1041442.0,18990.0,3655.0
2013-10-20,1046688.0,18269.0,3741.0
2013-10-27,1050775.0,20136.0,3779.0
2013-11-03,1051964.0,20223.0,3816.0
2013-11-10,1054604.0,20297.0,3834.0
2013-11-17,1054979.0,20438.0,3789.0
2013-11-24,1057932.0,19635.0,3775.0
2013-12-01,1052347.0,19973.0,3613.0
2013-12-08,1041343.0,18554.0,3533.0
2013-12-15,1038402.0,20996.0,3248.0
2013-12-22,1033671.0,20484.0,3071.0
2013-12-29,1026664.0,19004.0,2975.0
2014-01-05,1022706.0,18222.0,2817.0
2014-01-12,1015048.0,18858.0,2529.0
2014-01-19,1016038.0,18959.0,2424.0
2014-01-26,1022459.0,20047.0,2184.0
2014-02-02,1022899.0,19110.0,1924.0
2014-02-09,1025952.0,18541.0,1693.0
2014-02-16,1026925.0,18709.0,1444.0
2014-02-23,1026993.0,18283.0,1348.0
2014-03-02,1028422.0,18291.0,1196.0
2014-03-09,1034302.0,19027.0,1002.0
2014-03-16,1040152.0,18783.0,953.0
2014-03-23,1046771.0,18257.0,895.0
2014-03-30,1044392.0,18199.0,824.0
2014-04-06,1048070.0,18289.0,827.0
2014-04-13,1057460.0,18412.0,850.0
2014-04-20,1060446.0,18051.0,899.0
2014-04-27,1061189.0,18849.0,981.0
2014-05-04,1058868.0,18552.0,1055.0
2014-05-11,1058471.0,19447.0,1160.0
2014-05-18,1050696.0,18855.0,1267.0
2014-05-25,1052353.0,19563.0,1380.0
2014-06-01,1048922.0,18586.0,1499.0
2014-06-08,1046192.0,18025.0,1607.0
2014-06-15,1045614.0,18557.0,1719.0
2014-06-22,1047356.0,18807.0,1829.0
2014-06-29,1044201.0,19433.0,1928.0
2014-07-06,1041794.0,19248.0,2023.0
2014-07-13,1034269.0,19277.0,2128.0
2014-07-20,1030300.0,19311.0,2219.0
2014-07-27,1026603.0,19607.0,2307.0
2014-08-03,1025139.0,20335.0,2388.0
2014-08-10,1026540.0,19825.0,2467.0
2014-08-17,1022066.0,19885.0,2555.0
2014-08-24,1019996.0,19183.0,2631.0
2014-08-31,1019091.0,19955.0,2709.0
2014-09-07,1018400.0,18596.0,2801.0
2014-09-14,1022073.0,19749.0,2890.0
2014-09-21,1017800.0,19177.0,2988.0
2014-09-28,1016435.0,19400.0,3099.0
2014-10-05,1021349.0,19019.0,3205.0
2014-10-12,1030271.0,19595.0,3298.0
2014-10-19,1037382.0,18645.0,3393.0
2014-10-26,1039442.0,20061.0,3480.0
2014-11-02,1039902.0,19607.0,3571.0
2014-11-09,1037116.0,19844.0,3611.0
2014-11-16,1039724.0,19702.0,3594.0
2014-11-23,1041670.0,20480.0,3432.0
2014-11-30,1037980.0,19831.0,3410.0
2014-12-07,1039276.0,19454.0,3359.0
2014-12-14,1038429.0,20465.0,3296.0
2014-12-21,1045696.0,21037.0,3246.0
2014-12-28,1043942.0,19939.0,3220.0
2015-01-04,1039767.0,19353.0,3089.0
2015-01-11,1045154.0,19257.0,2854.0
2015-01-18,1055224.0,20246.0,2637.0
2015-01-25,1064097.0,20515.0,2543.0
2015-02-01,1070430.0,18619.0,2428.0
2015-02-08,1074756.0,19651.0,2268.0
2015-02-15,1082471.0,20399.0,2158.0
2015-02-22,1090898.0,19813.0,1938.0
2015-03-01,1101201.0,19658.0,1709.0
2015-03-08,1106378.0,18617.0,1511.0
2015-03-15,1116000.0,19530.0,1468.0
2015-03-22,1124169.0,18712.0,1479.0
2015-03-29,1128935.0,19481.0,1461.0
2015-04-05,1140614.0,19099.0,1476.0
2015-04-12,1141906.0,18995.0,1539.0
2015-04-19,1147221.0,19145.0,1628.0
2015-04-26,1149129.0,19600.0,1711.0
2015-05-03,1145027.0,18224.0,1785.0
2015-05-10,1142835.0,20654.0,1897.0
2015-05-17,1140474.0,20292.0,1989.0
2015-05-24,1138259.0,19971.0,2101.0
2015-05-31,1136810.0,18867.0,2233.0
2015-06-07,1130792.0,19802.0,2344.0
2015-06-14,1128715.0,19971.0,2433.0
2015-06-21,1124131.0,20668.0,2506.0
2015-06-28,1126915.0,19723.0,2579.0
2015-07-05,1127937.0,19259.0,2666.0
2015-07-12,1123990.0,19840.0,2764.0
2015-07-19,1126971.0,21007.0,2823.0
2015-07-26,1122767.0,20246.0,2872.0
2015-08-02,1118360.0,20185.0,2910.0
2015-08-09,1116956.0,20077.0,2975.0
2015-08-16,1119575.0,21375.0,3027.0
2015-08-23,1114123.0,19422.0,3094.0
2015-08-30,1118790.0,20265.0,3190.0
2015-09-06,1121192.0,19758.0,3262.0
2015-09-13,1119088.0,18554.0,3336.0
2015-09-20,1117163.0,20154.0,3441.0
2015-09-27,1121116.0,19615.0,3537.0
2015-10-04,1124156.0,18842.0,3634.0
2015-10-11,1131718.0,19463.0,3731.0
2015-10-18,1139745.0,19485.0,3813.0
2015-10-25,1143121.0,20264.0,3875.0
2015-11-01,1145968.0,19415.0,3931.0
2015-11-08,1149948.0,19803.0,3985.0
2015-11-15,1150200.0,19465.0,4000.0
2015-11-22,1151160.0,19386.0,4009.0
2015-11-29,1152337.0,19822.0,3956.0
2015-12-06,1148676.0,20252.0,3880.0
2015-12-13,1153477.0,20269.0,3846.0
2015-12-20,1147600.0,19767.0,3814.0
2015-12-27,1150226.0,20501.0,3756.0
2016-01-03,1146076.0,18285.0,3643.0
2016-01-10,1146309.0,18542.0,3475.0
2016-01-17,1150287.0,19984.0,3297.0
2016-01-24,1158670.0,21108.0,3086.0
2016-01-31,1166461.0,19146.0,2934.0
2016-02-07,1165792.0,19013.0,2864.0
2016-02-14,1167939.0,19726.0,2701.0
2016-02-21,1171440.0,20682.0,2584.0
2016-02-28,1181814.0,19165.0,2536.0
2016-03-06,1185955.0,19855.0,2479.0
2016-03-13,1187274.0,19287.0,2478.0
2016-03-20,1196631.0,19417.0,2493.0
2016-03-27,1198928.0,19479.0,2468.0
2016-04-03,1193710.0,19926.0,2480.0
2016-04-10,1200344.0,20019.0,2477.0
2016-04-17,1202424.0,20226.0,2484.0
2016-04-24,1204422.0,19808.0,2557.0
2016-05-01,1207203.0,20229.0,2625.0
2016-05-08,1203594.0,19981.0,2681.0
2016-05-15,1204904.0,20792.0,2754.0
2016-05-22,1200677.0,20434.0,2825.0
2016-05-29,1199311.0,20339.0,2907.0
2016-06-05,1196948.0,19740.0,2972.0
2016-06-12,1196015.0,20807.0,3041.0
2016-06-19,1195098.0,19971.0,3103.0
2016-06-26,1191045.0,21176.0,3140.0
2016-07-03,1188820.0,20061.0,3179.0
2016-07-10,1186272.0,19432.0,3243.0
2016-07-17,1183929.0,20641.0,3277.0
2016-07-24,1185600.0,20764.0,3294.0
2016-07-31,1187013.0,20938.0,3288.0
2016-08-07,1188065.0,20672.0,3317.0
2016-08-14,1185557.0,20579.0,3339.0
2016-08-21,1188057.0,20729.0,3350.0
2016-08-28,1190332.0,20153.0,3401.0
2016-09-04,1175818.0,21328.0,3437.0
2016-09-11,1175259.0,20228.0,3499.0
2016-09-18,1169058.0,19436.0,3551.0
2016-09-25,1167176.0,19278.0,3600.0
2016-10-02,1164199.0,20556.0,3680.0
2016-10-09,1169048.0,20743.0,3759.0
2016-10-16,1163800.0,19751.0,3836.0
2016-10-23,1163247.0,20524.0,3909.0
2016-10-30,1177666.0,19924.0,3963.0
2016-11-06,1180097.0,20183.0,4017.0
2016-11-13,1185371.0,19377.0,4047.0
2016-11-20,1184115.0,20063.0,4045.0
2016-11-27,1183230.0,19816.0,3995.0
2016-12-04,1180840.0,19109.0,3953.0
2016-12-11,1178277.0,18899.0,3806.0
2016-12-18,1180532.0,21401.0,3597.0
2016-12-25,1181145.0,20186.0,3360.0
2017-01-01,1174094.0,17904.0,3311.0
2017-01-08,1178191.0,18578.0,3160.0
2017-01-15,1180537.0,20670.0,2917.0
2017-01-22,1183377.0,18625.0,2798.0
2017-01-29,1189841.0,19264.0,2711.0
2017-02-05,1203670.0,20774.0,2559.0
2017-02-12,1213197.0,18604.0,2445.0
2017-02-19,1213761.0,20322.0,2356.0
2017-02-26,1215260.0,19445.0,2363.0
2017-03-05,1223218.0,19880.0,2295.0
2017-03-12,1222165.0,19475.0,2242.0
2017-03-19,1226493.0,19255.0,2092.0
2017-03-26,1226636.0,19883.0,2049.0
2017-04-02,1227678.0,19696.0,2051.0
2017-04-09,1224887.0,19868.0,2061.0
2017-04-16,1223654.0,19460.0,2115.0
2017-04-23,1219512.0,19133.0,2189.0
2017-04-30,1217110.0,19934.0,2256.0
2017-05-07,1211312.0,20571.0,2301.0
2017-05-14,1208831.0,19485.0,2369.0
2017-05-21,1204001.0,20787.0,2444.0
2017-05-28,1196594.0,20748.0,2525.0
2017-06-04,1198233.0,19306.0,2631.0
2017-06-11,1196171.0,19515.0,2709.0
2017-06-18,1192937.0,21069.0,2770.0
2017-06-25,1191649.0,19645.0,2816.0
2017-07-02,1184951.0,22240.0,2878.0
2017-07-09,1174237.0,19946.0,2936.0
2017-07-16,1169508.0,21191.0,2963.0
2017-07-23,1162300.0,21246.0,2980.0
2017-07-30,1160772.0,20620.0,2999.0
2017-08-06,1154320.0,21946.0,3029.0
2017-08-13,1145375.0,20937.0,3082.0
2017-08-20,1142048.0,20683.0,3125.0
2017-08-27,1136653.0,21435.0,3155.0
2017-09-03,1140953.0,20039.0,3220.0
2017-09-10,1145248.0,19707.0,3311.0
2017-09-17,1148229.0,20416.0,3408.0
2017-09-24,1145587.0,21092.0,3466.0
2017-10-01,1138612.0,19740.0,3508.0
2017-10-08,1134665.0,19677.0,3595.0
2017-10-15,1128176.0,19123.0,3645.0
2017-10-22,1128718.0,19977.0,3710.0
2017-10-29,1125493.0,19161.0,3775.0
2017-11-05,1127049.0,21309.0,3790.0
2017-11-12,1128197.0,19762.0,3772.0
2017-11-19,1124617.0,19286.0,3726.0
2017-11-26,1118824.0,19657.0,3693.0
2017-12-03,1110766.0,19951.0,3695.0
2017-12-10,1105897.0,20458.0,3626.0
2017-12-17,1099785.0,21126.0,3444.0
2017-12-24,1095274.0,20791.0,3332.0
2017-12-31,1088211.0,19923.0,3126.0
2018-01-07,1083262.0,20628.0,2767.0
2018-01-14,1076872.0,20809.0,2584.0
2018-01-21,1076037.0,20661.0,2296.0
2018-01-28,1083045.0,21046.0,2197.0
2018-02-04,1085402.0,20849.0,2078.0
2018-02-11,1087663.0,20316.0,1884.0
2018-02-18,1085351.0,20462.0,1760.0
2018-02-25,1088779.0,19885.0,1682.0
2018-03-04,1091364.0,20456.0,1625.0
2018-03-11,1096386.0,20946.0,1532.0
2018-03-18,1093764.0,20629.0,1446.0
2018-03-25,1095407.0,20903.0,1383.0
2018-04-01,1090788.0,21203.0,1354.0
2018-04-08,1094094.0,19806.0,1335.0
2018-04-15,1093023.0,21409.0,1299.0
2018-04-22,1094455.0,19023.0,1281.0
2018-04-29,1100221.0,20163.0,1343.0
2018-05-06,1097315.0,20571.0,1432.0
2018-05-13,1094391.0,20523.0,1538.0
2018-05-20,1099468.0,20635.0,1629.0
2018-05-27,1095289.0,20916.0,1725.0
2018-06-03,1096752.0,18454.0,1817.0
2018-06-10,1092609.0,21789.0,1913.0
2018-06-17,1086543.0,20203.0,2008.0
2018-06-24,1076652.0,20273.0,2074.0
2018-07-01,1077897.0,21241.0,2152.0
2018-07-08,1065263.0,19911.0,2203.0
2018-07-15,1071098.0,21328.0,2248.0
2018-07-22,1064951.0,21727.0,2272.0
2018-07-29,1068754.0,20576.0,2305.0
2018-08-05,1067402.0,20940.0,2353.0
2018-08-12,1074207.0,20203.0,2386.0
2018-08-19,1068370.0,21563.0,2435.0
2018-08-26,1065804.0,22144.0,2504.0
2018-09-02,1061502.0,21616.0,2567.0
2018-09-09,1056205.0,20567.0,2636.0
2018-09-16,1054147.0,20989.0,2722.0
2018-09-23,1055999.0,20001.0,2768.0
2018-09-30,1063974.0,20221.0,2866.0
2018-10-07,1068655.0,19810.0,2956.0
2018-10-14,1074075.0,20012.0,3037.0
2018-10-21,1079263.0,21546.0,3095.0
2018-10-28,1080939.0,21059.0,3143.0
2018-11-04,1086487.0,20459.0,3208.0
2018-11-11,1095386.0,22421.0,3247.0
2018-11-18,1099477.0,21208.0,3113.0
2018-11-25,1101049.0,20563.0,3054.0
2018-12-02,1092723.0,20578.0,2991.0
2018-12-09,1091517.0,21479.0,2914.0
2018-12-16,1090594.0,22361.0,2773.0
2018-12-23,1090550.0,20763.0,2725.0
2018-12-30,1090557.0,19093.0,2705.0
2019-01-06,1088877.0,19769.0,2614.0
2019-01-13,1086194.0,20912.0,2533.0
2019-01-20,1094164.0,21494.0,2370.0
2019-01-27,1095083.0,20835.0,2197.0
2019-02-03,1096346.0,21826.0,1960.0
2019-02-10,1099979.0,19169.0,1882.0
2019-02-17,1103651.0,20767.0,1705.0
2019-02-24,1095004.0,21494.0,1539.0
2019-03-03,1102060.0,20487.0,1390.0
2019-03-10,1098198.0,20773.0,1190.0
2019-03-17,1088609.0,21470.0,1143.0
2019-03-24,1091409.0,20111.0,1107.0
2019-03-31,1098647.0,20029.0,1130.0
2019-04-07,1105676.0,20307.0,1155.0
2019-04-14,1104280.0,19887.0,1247.0
2019-04-21,1109759.0,20420.0,1339.0
2019-04-28,1119154.0,20107.0,1462.0
2019-05-05,1114321.0,20420.0,1547.0
2019-05-12,1117988.0,19454.0,1653.0
2019-05-19,1121593.0,19649.0,1753.0
2019-05-26,1121311.0,21419.0,1867.0
2019-06-02,1128082.0,19398.0,1986.0
2019-06-09,1130288.0,21121.0,2088.0
2019-06-16,1127182.0,20816.0,2203.0
2019-06-23,1114394.0,20880.0,2301.0
2019-06-30,1113309.0,20756.0,2390.0
2019-07-07,1103810.0,21261.0,2471.0
2019-07-14,1100694.0,20260.0,2533.0
2019-07-21,1089859.0,21549.0,2569.0
2019-07-28,1081363.0,21287.0,2634.0
2019-08-04,1083748.0,21484.0,2689.0
2019-08-11,1085328.0,22055.0,2738.0
2019-08-18,1082596.0,21004.0,2797.0
2019-08-25,1072569.0,22225.0,2857.0
2019-09-01,1067798.0,21627.0,2941.0
2019-09-08,1060886.0,21426.0,3019.0
2019-09-15,1061944.0,20278.0,3103.0
2019-09-22,1064356.0,21199.0,3205.0
2019-09-29,1067460.0,20762.0,3317.0
2019-10-06,1070187.0,21412.0,3415.0
2019-10-13,1078199.0,20938.0,3519.0
2019-10-20,1075501.0,21171.0,3606.0
2019-10-27,1080505.0,21644.0,3695.0
2019-11-03,1087734.0,21077.0,3729.0
2019-11-10,1088510.0,21515.0,3732.0
2019-11-17,1087917.0,21275.0,3638.0
2019-11-24,1088122.0,21128.0,3610.0
2019-12-01,1082262.0,21108.0,3591.0
2019-12-08,1082886.0,18368.0,3518.0
2019-12-15,1081800.0,21810.0,3411.0
2019-12-22,1076326.0,21351.0,3250.0
2019-12-29,1064863.0,19955.0,3192.0
2020-01-05,1066027.0,19366.0,3148.0
2020-01-12,1063478.0,19047.0,3039.0
2020-01-19,1063073.0,21474.0,2947.0
2020-01-26,1066621.0,19598.0,2746.0
2020-02-02,1069976.0,20810.0,2609.0
2020-02-09,1077435.0,20965.0,2494.0
2020-02-16,1077850.0,19602.0,2343.0
2020-02-23,1078302.0,19870.0,2200.0
2020-03-01,1079086.0,21265.0,2091.0
2020-03-08,1086750.0,21875.0,2043.0
2020-03-15,1088704.0,21456.0,2034.0
2020-03-22,1090327.0,19420.0,2005.0
2020-03-29,1104160.0,17852.0,1986.0
2020-04-05,1119337.0,14437.0,2024.0
2020-04-12,1138585.0,13797.0,2097.0
2020-04-19,1153607.0,14103.0,2140.0
2020-04-26,1163748.0,15763.0,2210.0
2020-05-03,1170054.0,15354.0,2319.0
2020-05-10,1171242.0,16814.0,2422.0
2020-05-17,1168142.0,16586.0,2503.0
2020-05-24,1178181.0,15958.0,2612.0
2020-05-31,1180124.0,15066.0,2714.0
2020-06-07,1188064.0,17573.0,2807.0
2020-06-14,1191010.0,17290.0,2892.0
2020-06-21,1194443.0,18348.0,3012.0
2020-06-28,1188940.0,17353.0,3077.0
2020-07-05,1195204.0,18120.0,3133.0
2020-07-12,1187837.0,18480.0,3178.0
2020-07-19,1192727.0,17654.0,3215.0
2020-07-26,1182116.0,19094.0,3241.0
2020-08-02,1174737.0,17912.0,3274.0
2020-08-09,1167983.0,19369.0,3332.0
2020-08-16,1163680.0,17159.0,3375.0
2020-08-23,1157228.0,19619.0,3420.0
2020-08-30,1146566.0,16979.0,3455.0
2020-09-06,1148294.0,18678.0,3525.0
2020-09-13,1141778.0,17027.0,3614.0
2020-09-20,1139358.0,18439.0,3680.0
2020-09-27,1135577.0,17447.0,3756.0
2020-10-04,1134933.0,18345.0,3831.0
2020-10-11,1129956.0,19475.0,3877.0
2020-10-18,1128188.0,18112.0,3926.0
2020-10-25,1131850.0,19631.0,3955.0
2020-11-01,1123699.0,18362.0,3919.0
2020-11-08,1127412.0,20180.0,3927.0
2020-11-15,1127776.0,19564.0,3958.0
2020-11-22,1126911.0,19156.0,3940.0
2020-11-29,1126232.0,18468.0,3939.0
2020-12-06,1141316.0,18534.0,3848.0
2020-12-13,1138182.0,19335.0,3726.0
2020-12-20,1137619.0,19088.0,3574.0
2020-12-27,1131554.0,19317.0,3460.0
2021-01-03,1123544.0,17054.0,3330.0
2021-01-10,1120296.0,19607.0,3196.0
2021-01-17,1124648.0,19642.0,3009.0
2021-01-24,1114739.0,19681.0,2881.0
2021-01-31,1113745.0,18528.0,2689.0
2021-02-07,1106935.0,20183.0,2518.0
2021-02-14,1099530.0,20668.0,2281.0
2021-02-21,1100815.0,18688.0,1943.0
2021-02-28,1122378.0,18759.0,1845.0
2021-03-07,1136176.0,18672.0,1793.0
2021-03-14,1138572.0,18933.0,1782.0
2021-03-21,1140484.0,18702.0,1750.0
2021-03-28,1139608.0,20313.0,1764.0
2021-04-04,1136086.0,19236.0,1784.0
2021-04-11,1129090.0,20328.0,1845.0
2021-04-18,1128941.0,18762.0,1883.0
2021-04-25,1127582.0,20395.0,1898.0
2021-05-02,1118544.0,19691.0,1958.0
2021-05-09,1116719.0,17483.0,2029.0
2021-05-16,1116138.0,19272.0,2100.0
2021-05-23,1112830.0,19956.0,2215.0
2021-05-30,1107103.0,19140.0,2313.0
2021-06-06,1100513.0,17713.0,2411.0
2021-06-13,1092267.0,20571.0,2427.0
2021-06-20,1082948.0,20751.0,2482.0
2021-06-27,1074829.0,20902.0,2558.0
2021-07-04,1066780.0,21547.0,2574.0
2021-07-11,1058884.0,19303.0,2629.0
2021-07-18,1060991.0,20581.0,2678.0
2021-07-25,1056902.0,21123.0,2714.0
2021-08-01,1060529.0,21168.0,2727.0
2021-08-08,1060081.0,19514.0,2776.0
2021-08-15,1056846.0,21463.0,2822.0
2021-08-22,1053866.0,21817.0,2851.0
2021-08-29,1046697.0,22820.0,2871.0
2021-09-05,1045169.0,19954.0,2923.0
2021-09-12,1038218.0,19911.0,3006.0
2021-09-19,1033533.0,21145.0,3082.0
2021-09-26,1037231.0,20391.0,3170.0
2021-10-03,1038657.0,21526.0,3288.0
2021-10-10,1043945.0,19875.0,3369.0
2021-10-17,1041820.0,21832.0,3461.0
2021-10-24,1044998.0,19832.0,3548.0
2021-10-31,1046643.0,19997.0,3611.0
2021-11-07,1044500.0,19290.0,3618.0
2021-11-14,1039150.0,21629.0,3644.0
2021-11-21,1038525.0,21752.0,3623.0
2021-11-28,1035667.0,20222.0,3564.0
2021-12-05,1033737.0,19837.0,3505.0
2021-12-12,1027203.0,23191.0,3417.0
2021-12-19,1019952.0,20454.0,3362.0
2021-12-26,1015023.0,22218.0,3226.0
2022-01-02,1011533.0,19665.0,3195.0
2022-01-09,1006680.0,20829.0,3016.0
2022-01-16,1005847.0,21915.0,2810.0
2022-01-23,1006972.0,22417.0,2591.0
2022-01-30,1004055.0,21410.0,2323.0
2022-02-06,997902.0,21881.0,2101.0
2022-02-13,996336.0,22741.0,1911.0
2022-02-20,998406.0,21483.0,1782.0
2022-02-27,993445.0,20830.0,1643.0
2022-03-06,989058.0,21210.0,1519.0
2022-03-13,991420.0,20652.0,1440.0
2022-03-20,984722.0,21124.0,1389.0
2022-03-27,978272.0,19874.0,1415.0
2022-04-03,976951.0,19815.0,1382.0
2022-04-10,982434.0,18771.0,1397.0
2022-04-17,969713.0,19033.0,1450.0
2022-04-24,967494.0,19821.0,1490.0
2022-05-01,965712.0,19467.0,1567.0
2022-05-08,967208.0,19231.0,1643.0
2022-05-15,958804.0,19661.0,1732.0
2022-05-22,951814.0,19684.0,1819.0
2022-05-29,941325.0,19512.0,1901.0
2022-06-05,936081.0,20227.0,2003.0
2022-06-12,930326.0,19703.0,2095.0
2022-06-19,923146.0,19904.0,2169.0
2022-06-26,913434.0,19997.0,2251.0
2022-07-03,915828.0,20464.0,2311.0
2022-07-10,912201.0,18720.0,2369.0
2022-07-17,906758.0,21025.0,2401.0
2022-07-24,896631.0,19976.0,2416.0
2022-07-31,896408.0,19948.0,2457.0
2022-08-07,896568.0,19474.0,2501.0
2022-08-14,886110.0,21221.0,2519.0
2022-08-21,874737.0,19339.0,2579.0
2022-08-28,868344.0,20073.0,2640.0
2022-09-04,869662.0,19892.0,2694.0
2022-09-11,863690.0,19313.0,2771.0
2022-09-18,857932.0,18938.0,2874.0
2022-09-25,853142.0,20770.0,2977.0
2022-10-02,845592.0,20831.0,3106.0
2022-10-09,847781.0,19271.0,3231.0
2022-10-16,842492.0,20761.0,3342.0
2022-10-23,841663.0,20587.0,3394.0
2022-10-30,836622.0,20481.0,3501.0
2022-11-06,836974.0,21267.0,3580.0
2022-11-13,827474.0,21087.0,3644.0
2022-11-20,822183.0,19878.0,3564.0
2022-11-27,808200.0,19717.0,3483.0
2022-12-04,800917.0,19626.0,3462.0
2022-12-11,806400.0,19956.0,3412.0
2022-12-18,796858.0,20924.0,3325.0
2022-12-25,794080.0,22822.0,3112.0
2023-01-01,793026.0,18190.0,2891.0
2023-01-08,811187.0,17627.0,2902.0
2023-01-15,819594.0,20314.0,2820.0
2023-01-22,820127.0,19447.0,2734.0
2023-01-29,824267.0,20106.0,2583.0
2023-02-05,826690.0,20536.0,2366.0
2023-02-12,842973.0,19302.0,2266.0
2023-02-19,850620.0,20218.0,2195.0
2023-02-26,851786.0,20413.0,2114.0
2023-03-05,850092.0,19049.0,2030.0
2023-03-12,851642.0,19113.0,1972.0
2023-03-19,852759.0,20026.0,1900.0
2023-03-26,845270.0,20476.0,1853.0
2023-04-02,841127.0,20599.0,1830.0
2023-04-09,840124.0,19055.0,1855.0
2023-04-16,833931.0,19317.0,1930.0
2023-04-23,827856.0,20208.0,2009.0
2023-04-30,824571.0,19805.0,2063.0
2023-05-07,824598.0,20164.0,2141.0
2023-05-14,827210.0,19558.0,2240.0
2023-05-21,813122.0,20701.0,2336.0
2023-05-28,815093.0,19442.0,2446.0
2023-06-04,812774.0,19221.0,2550.0
2023-06-11,818811.0,20408.0,2634.0
2023-06-18,813261.0,20925.0,2729.0
2023-06-25,802307.0,20306.0,2805.0
2023-07-02,799341.0,21235.0,2881.0
2023-07-09,804886.0,18701.0,2930.0
2023-07-16,804179.0,20767.0,2971.0
2023-07-23,803579.0,21276.0,2987.0
2023-07-30,786530.0,20023.0,3001.0
2023-08-06,793376.0,20727.0,3030.0
2023-08-13,788016.0,21663.0,3065.0
2023-08-20,782476.0,21165.0,3083.0
2023-08-27,772486.0,21429.0,3115.0
2023-09-03,766977.0,20203.0,3148.0
2023-09-10,771222.0,20991.0,3205.0
2023-09-17,769686.0,20914.0,3269.0
2023-09-24,767267.0,20141.0,3359.0
2023-10-01,765343.0,19157.0,3445.0
2023-10-08,775513.0,19666.0,3529.0
2023-10-15,771022.0,21897.0,3626.0
2023-10-22,772394.0,20102.0,3700.0
2023-10-29,773167.0,19869.0,3779.0
2023-11-05,787036.0,21722.0,3773.0
2023-11-12,790628.0,20080.0,3833.0
2023-11-19,799328.0,20042.0,3826.0
2023-11-26,801251.0,18917.0,3836.0
2023-12-03,796948.0,19611.0,3719.0
2023-12-10,792684.0,21079.0,3664.0
2023-12-17,796222.0,20785.0,3577.0
2023-12-24,789901.0,21415.0,3490.0
2023-12-31,785453.0,19059.0,3476.0
2024-01-07,787397.0,19605.0,3336.0
2024-01-14,785501.0,19869.0,3182.0
2024-01-21,777188.0,19556.0,2856.0
2024-01-28,779314.0,20119.0,2659.0
2024-02-04,785449.0,20227.0,2584.0
2024-02-11,798213.0,19255.0,2530.0
2024-02-18,802475.0,18918.0,2470.0
2024-02-25,807417.0,19529.0,2374.0
2024-03-03,809490.0,20294.0,2334.0
2024-03-10,808550.0,20803.0,2325.0
2024-03-17,807348.0,19742.0,2332.0
2024-03-24,811257.0,19531.0,2296.0
2024-03-31,815058.0,21292.0,2259.0
2024-04-07,821494.0,19236.0,2283.0
2024-04-14,824877.0,19220.0,2333.0
2024-04-21,819302.0,19535.0,2425.0
2024-04-28,827161.0,20417.0,2484.0
2024-05-05,826746.0,20290.0,2569.0
2024-05-12,824831.0,20056.0,2640.0
2024-05-19,827649.0,20030.0,2719.0
2024-05-26,823978.0,19383.0,2804.0
2024-06-02,826109.0,20510.0,2900.0
2024-06-09,830178.0,19219.0,2974.0
2024-06-16,828017.0,21081.0,3045.0
2024-06-23,832893.0,20689.0,3102.0
2024-06-30,821134.0,21083.0,3134.0
2024-07-07,818168.0,20749.0,3199.0
2024-07-14,813948.0,19430.0,3209.0
2024-07-21,810897.0,21033.0,3231.0
2024-07-28,808146.0,20724.0,3249.0
2024-08-04,805154.0,19974.0,3270.0
2024-08-11,807205.0,20523.0,3264.0
2024-08-18,803192.0,20422.0,3299.0
2024-08-25,803091.0,21592.0,3334.0
2024-09-01,797982.0,20541.0,3347.0
2024-09-08,799094.0,19383.0,3387.0
2024-09-15,798119.0,19792.0,3445.0
2024-09-22,794935.0,21386.0,3493.0
2024-09-29,799484.0,19847.0,3548.0
2024-10-06,805671.0,21185.0,3630.0
2024-10-13,804432.0,20697.0,3706.0
2024-10-20,810666.0,20251.0,3785.0
2024-10-27,811340.0,21638.0,3864.0
2024-11-03,814881.0,19739.0,3931.0
2024-11-10,817537.0,21583.0,3972.0
2024-11-17,819482.0,19771.0,3969.0
2024-11-24,818810.0,20471.0,3967.0
2024-12-01,815182.0,19968.0,3937.0
2024-12-08,814481.0,20158.0,3747.0
2024-12-15,814066.0,20820.0,3622.0
2024-12-22,810089.0,21831.0,3529.0
2024-12-29,809171.0,18545.0,3413.0
