date,crude_oil_wti,natural_gas_henry_hub,ppi_chemicals,ppi_plastics,industrial_production_idx,capacity_utilisation,us_gdp,unemployment_rate
2000-01-02,,,153.6,123.5,91.538,82.179,10002.179,4.0
2000-01-09,24.9475,2.175,,,,,,
2000-01-16,26.268,2.25,,,,,,
2000-01-23,29.3675,2.4575,,,,,,
2000-01-30,28.336,2.7079999999999997,,,,,,
2000-02-06,28.076,2.808,154.5,123.5,91.8239,82.1719,,4.1
2000-02-13,28.832,2.666,,,,,,
2000-02-20,29.872000000000003,2.636,,,,,,
2000-02-27,30.0975,2.52,,,,,,
2000-03-05,31.072000000000003,2.696,155.2,123.5,92.1504,82.2023,,4.0
2000-03-12,32.136,2.7424999999999997,,,,,,
2000-03-19,31.294,2.806,,,,,,
2000-03-26,27.99,2.766,,,,,,
2000-04-02,26.916000000000004,2.878,155.5,123.7,92.6989,82.4316,10247.72,3.8
2000-04-09,25.596,2.9240000000000004,,,,,,
2000-04-16,24.868,3.032,,,,,,
2000-04-23,26.6625,3.11,,,,,,
2000-04-30,25.95,3.114,,,,,,
2000-05-07,26.75,3.148,156.4,123.6,92.9499,82.3967,,4.0
2000-05-14,28.7,3.258,,,,,,
2000-05-21,29.877999999999997,3.56,,,,,,
2000-05-28,29.462,4.042,,,,,,
2000-06-04,29.98,4.3675,156.5,124.4,92.9862,82.1729,,4.0
2000-06-11,29.788,4.196,,,,,,
2000-06-18,32.452,4.296,,,,,,
2000-06-25,33.552,4.279999999999999,,,,,,
2000-07-02,32.12,4.394,157.4,125.0,92.8048,81.7603,10318.165,4.0
2000-07-09,30.403333333333336,4.155,,,,,,
2000-07-16,30.436,4.18,,,,,,
2000-07-23,30.65,3.986,,,,,,
2000-07-30,28.02,3.72,,,,,,
2000-08-06,28.496,4.0120000000000005,157.5,124.7,92.5521,81.2857,,4.1
2000-08-13,30.136000000000003,4.4399999999999995,,,,,,
2000-08-20,31.822000000000003,4.326,,,,,,
2000-08-27,32.462,4.63,,,,,,
2000-09-03,33.082,4.6579999999999995,158.3,125.4,92.9792,81.4061,,3.9
2000-09-10,34.4225,4.8225,,,,,,
2000-09-17,34.7,5.05,,,,,,
2000-09-24,35.486000000000004,5.168,,,,,,
2000-10-01,31.128000000000004,5.208,158.6,125.3,92.6179,80.8334,10435.744,3.9
2000-10-08,31.268,5.2,,,,,,
2000-10-15,33.898,5.264,,,,,,
2000-10-22,33.484,5.17,,,,,,
2000-10-29,33.916,4.678,,,,,,
2000-11-05,32.782,4.494,158.3,126.5,92.6438,80.5963,,3.9
2000-11-12,33.46,4.956,,,,,,
2000-11-19,35.004,5.782,,,,,,
2000-11-26,35.91,6.293333333333333,,,,,,
2000-12-03,34.102,6.182,158.7,126.5,92.3415,80.0735,,3.9
2000-12-10,29.688,8.16,,,,,,
2000-12-17,29.046,8.370000000000001,,,,,,
2000-12-24,27.382,9.862,,,,,,
2000-12-31,26.5225,9.8775,,,,,,
2001-01-07,27.7975,9.79,160.3,126.1,91.902,79.4332,10470.231,4.2
2001-01-14,28.814,9.574,,,,,,
2001-01-21,30.625,7.6775,,,,,,
2001-01-28,31.345999999999997,7.068,,,,,,
2001-02-04,29.592,6.226,161.5,125.8,91.3034,78.6604,,4.2
2001-02-11,30.918,5.978,,,,,,
2001-02-18,29.674,5.6259999999999994,,,,,,
2001-02-25,28.6475,5.1325,,,,,,
2001-03-04,27.910000000000004,5.14,161.6,126.1,91.1162,78.2472,,4.3
2001-03-11,28.448,5.2379999999999995,,,,,,
2001-03-18,27.018,5.118,,,,,,
2001-03-25,26.418,5.204,,,,,,
2001-04-01,26.857999999999997,5.392,161.4,126.3,90.7891,77.7206,10599.0,4.4
2001-04-08,26.764,5.268,,,,,,
2001-04-15,28.2725,5.4425,,,,,,
2001-04-22,27.889999999999997,5.21,,,,,,
2001-04-29,26.992,4.99,,,,,,
2001-05-06,28.362,4.556,160.1,126.5,90.3555,77.1128,,4.3
2001-05-13,28.124,4.224,,,,,,
2001-05-20,29.083999999999996,4.3100000000000005,,,,,,
2001-05-27,28.922000000000004,4.048,,,,,,
2001-06-03,28.435,3.7375,159.7,126.4,89.8784,76.4807,,4.5
2001-06-10,27.976,3.794,,,,,,
2001-06-17,28.904000000000003,3.974,,,,,,
2001-06-24,27.086,3.814,,,,,,
2001-07-01,26.374,3.304,157.8,126.2,89.3028,75.7806,10598.02,4.6
2001-07-08,26.8675,3.0,,,,,,
2001-07-15,27.068,3.19,,,,,,
2001-07-22,25.264,3.07,,,,,,
2001-07-29,26.498,3.08,,,,,,
2001-08-05,27.1,3.214,156.3,125.7,89.2003,75.4938,,4.9
2001-08-12,27.866000000000003,3.086,,,,,,
2001-08-19,27.516,3.18,,,,,,
2001-08-26,27.254,3.0380000000000003,,,,,,
2001-09-02,26.844,2.452,156.6,125.6,88.7485,74.9237,,5.0
2001-09-09,27.375,2.34,,,,,,
2001-09-16,28.224,2.4,,,,,,
2001-09-23,27.088,2.154,,,,,,
2001-09-30,22.346,1.902,,,,,,
2001-10-07,22.602,1.956,155.7,125.5,88.5052,74.5431,10660.465,5.3
2001-10-14,22.658,2.2079999999999997,,,,,,
2001-10-21,21.918,2.416,,,,,,
2001-10-28,21.776,2.8619999999999997,,,,,,
2001-11-04,21.168,3.0620000000000003,155.4,125.6,87.97,73.9318,,5.5
2001-11-11,20.696,2.722,,,,,,
2001-11-18,19.607999999999997,2.16,,,,,,
2001-11-25,18.276666666666667,2.18,,,,,,
2001-12-02,19.128,1.996,154.3,125.2,87.9324,73.7552,,5.7
2001-12-09,19.474,1.982,,,,,,
2001-12-16,18.45,2.446,,,,,,
2001-12-23,19.2,2.4,,,,,,
2001-12-30,20.936666666666667,2.4,,,,,,
2002-01-06,20.8025,2.5275,154.0,125.1,88.5176,74.1161,10783.5,5.7
2002-01-13,20.542,2.384,,,,,,
2002-01-20,18.61,2.34,,,,,,
2002-01-27,19.2075,2.1799999999999997,,,,,,
2002-02-03,19.714,2.1799999999999997,154.3,124.4,88.5278,74.0132,,5.7
2002-02-10,19.97,2.216,,,,,,
2002-02-17,21.18,2.284,,,,,,
2002-02-24,20.7025,2.3825,,,,,,
2002-03-03,21.432,2.47,155.1,124.6,89.1686,74.4558,,5.7
2002-03-10,23.308,2.6719999999999997,,,,,,
2002-03-17,24.4,2.916,,,,,,
2002-03-24,25.254,3.308,,,,,,
2002-03-31,25.86,3.395,,,,,,
2002-04-07,26.994,3.54,155.9,124.8,89.604,74.7452,10887.46,5.9
2002-04-14,25.24,3.214,,,,,,
2002-04-21,25.536,3.4019999999999997,,,,,,
2002-04-28,26.464,3.504,,,,,,
2002-05-05,26.882,3.648,156.3,125.3,89.964,74.9894,,5.8
2002-05-12,27.272,3.654,,,,,,
2002-05-19,28.43,3.5660000000000003,,,,,,
2002-05-26,27.178000000000004,3.35,,,,,,
2002-06-02,25.2175,3.24,157.0,125.8,90.7061,75.569,,5.8
2002-06-09,25.01,3.236,,,,,,
2002-06-16,24.936,3.114,,,,,,
2002-06-23,25.607999999999997,3.264,,,,,,
2002-06-30,26.52,3.432,,,,,,
2002-07-07,26.813333333333333,3.1766666666666663,158.5,125.5,90.6769,75.5228,10984.04,5.8
2002-07-14,26.704,2.958,,,,,,
2002-07-21,27.624,2.898,,,,,,
2002-07-28,26.644,2.972,,,,,,
2002-08-04,26.874,3.006,158.6,125.9,90.5762,75.4317,,5.7
2002-08-11,26.77,2.784,,,,,,
2002-08-18,28.522,2.994,,,,,,
2002-08-25,30.089999999999996,3.282,,,,,,
2002-09-01,28.836,3.332,158.7,126.3,90.6531,75.4995,,5.7
2002-09-08,28.6525,3.205,,,,,,
2002-09-15,29.594,3.3020000000000005,,,,,,
2002-09-22,29.386000000000003,3.712,,,,,,
2002-09-29,30.634000000000004,3.8,,,,,,
2002-10-06,30.254,4.172,159.6,126.3,90.4643,75.3553,11061.433,5.7
2002-10-13,29.368,3.854,,,,,,
2002-10-20,29.648000000000003,4.138,,,,,,
2002-10-27,27.877999999999997,4.218,,,,,,
2002-11-03,27.026,4.232,159.7,125.8,90.9711,75.8001,,5.9
2002-11-10,25.972,3.883999999999999,,,,,,
2002-11-17,25.677999999999997,3.862,,,,,,
2002-11-24,26.984,4.252,,,,,,
2002-12-01,26.826666666666668,4.253333333333334,159.3,125.8,90.4652,75.4073,,6.0
2002-12-08,27.142000000000003,4.311999999999999,,,,,,
2002-12-15,27.82,4.642,,,,,,
2002-12-22,30.348000000000003,5.122,,,,,,
2002-12-29,32.3775,4.9625,,,,,,
2003-01-05,31.9625,4.8475,160.9,126.3,91.2361,76.0829,11174.129,5.8
2003-01-12,31.538,5.0280000000000005,,,,,,
2003-01-19,33.038,5.37,,,,,,
2003-01-26,34.455,5.9125,,,,,,
2003-02-02,33.192,5.676,162.3,127.2,91.3445,76.2008,,5.9
2003-02-09,33.95399999999999,6.114,,,,,,
2003-02-16,35.792,6.0840000000000005,,,,,,
2003-02-23,36.7775,6.325,,,,,,
2003-03-02,36.98,12.032,165.2,128.1,91.1044,76.0272,,5.9
2003-03-09,36.976,7.802,,,,,,
2003-03-16,36.664,5.942,,,,,,
2003-03-23,30.456,5.18,,,,,,
2003-03-30,30.432,4.994,,,,,,
2003-04-06,29.326,4.914,166.7,129.1,90.5617,75.6028,11312.766,6.0
2003-04-13,28.028,5.152,,,,,,
2003-04-20,29.2825,5.495,,,,,,
2003-04-27,28.432,5.512,,,,,,
2003-05-04,25.69,5.246,165.8,129.2,90.537,75.6099,,6.1
2003-05-11,26.582,5.574,,,,,,
2003-05-18,28.54,6.0520000000000005,,,,,,
2003-05-25,29.294,6.0200000000000005,,,,,,
2003-06-01,29.1025,5.825,165.0,128.8,90.6527,75.7311,,6.3
2003-06-08,30.682,6.258,,,,,,
2003-06-15,31.458,5.938000000000001,,,,,,
2003-06-22,30.598000000000003,5.57,,,,,,
2003-06-29,30.014,5.61,,,,,,
2003-07-06,30.31,5.135,164.5,128.6,91.1185,76.1369,11566.669,6.2
2003-07-13,30.728,5.356,,,,,,
2003-07-20,31.48,5.058,,,,,,
2003-07-27,30.606,4.914,,,,,,
2003-08-03,30.734,4.683999999999999,164.2,128.7,90.9197,75.9832,,6.1
2003-08-10,32.11,4.826,,,,,,
2003-08-17,31.306,5.048,,,,,,
2003-08-24,31.19,5.068,,,,,,
2003-08-31,31.558,5.0520000000000005,,,,,,
2003-09-07,29.2,4.6899999999999995,164.8,128.6,91.5059,76.483,,6.1
2003-09-14,28.92,4.7620000000000005,,,,,,
2003-09-21,27.388,4.558,,,,,,
2003-09-28,27.732,4.4879999999999995,,,,,,
2003-10-05,29.434000000000005,4.492,165.2,128.6,91.6186,76.5884,11772.234,6.0
2003-10-12,30.691999999999997,4.720000000000001,,,,,,
2003-10-19,31.49,4.836,,,,,,
2003-10-26,30.172000000000004,4.702,,,,,,
2003-11-02,29.276,4.38,165.0,128.5,92.2329,77.1135,,5.8
2003-11-09,29.788,4.362,,,,,,
2003-11-16,31.558000000000003,4.586,,,,,,
2003-11-23,32.576,4.36,,,,,,
2003-11-30,30.113333333333333,4.640000000000001,,,,,,
2003-12-07,30.632,5.578,165.3,128.8,92.2602,77.1489,,5.7
2003-12-14,32.158,6.508,,,,,,
2003-12-21,33.2,6.734,,,,,,
2003-12-28,32.24333333333333,5.8,,,,,,
2004-01-04,32.67666666666667,5.726666666666667,167.0,128.9,92.4006,77.2806,11923.447,5.7
2004-01-11,33.894,6.65,,,,,,
2004-01-18,34.513999999999996,5.946,,,,,,
2004-01-25,35.45,6.065,,,,,,
2004-02-01,33.61,5.88,167.9,129.4,92.958,77.7639,,5.6
2004-02-08,33.406,5.572,,,,,,
2004-02-15,33.882,5.448,,,,,,
2004-02-22,35.54,5.3075,,,,,,
2004-02-29,36.082,5.136,,,,,,
2004-03-07,36.674,5.274,168.8,129.6,92.5861,77.4721,,5.8
2004-03-14,36.438,5.388,,,,,,
2004-03-21,37.782,5.5840000000000005,,,,,,
2004-03-28,36.654,5.3100000000000005,,,,,,
2004-04-04,35.233999999999995,5.558,169.7,130.0,92.93,77.7807,12112.815,5.6
2004-04-11,35.7,5.7775,,,,,,
2004-04-18,37.388,5.76,,,,,,
2004-04-25,37.32,5.534000000000001,,,,,,
2004-05-02,37.31,5.76,170.3,130.4,93.6013,78.3623,,5.6
2004-05-09,39.239999999999995,6.1,,,,,,
2004-05-16,40.372,6.328,,,,,,
2004-05-23,40.842,6.332,,,,,,
2004-05-30,40.646,6.574000000000001,,,,,,
2004-06-06,40.004999999999995,6.3875,171.6,130.8,92.871,77.7669,,5.6
2004-06-13,37.9875,6.08,,,,,,
2004-06-20,37.856,6.386,,,,,,
2004-06-27,37.702,6.34,,,,,,
2004-07-04,37.14,6.002,172.2,131.2,93.5649,78.3594,12305.307,5.5
2004-07-11,39.7275,6.1274999999999995,,,,,,
2004-07-18,40.326,5.88,,,,,,
2004-07-25,41.274,5.856,,,,,,
2004-08-01,42.5,5.9079999999999995,173.8,131.7,93.6277,78.4167,,5.4
2004-08-08,43.806,5.6579999999999995,,,,,,
2004-08-15,45.244,5.546,,,,,,
2004-08-22,47.278,5.34,,,,,,
2004-08-29,44.336,5.226000000000001,,,,,,
2004-09-05,43.284,4.836,175.5,133.1,93.7467,78.5109,,5.4
2004-09-12,43.33,4.5600000000000005,,,,,,
2004-09-19,44.394,5.042,,,,,,
2004-09-26,47.815999999999995,5.444,,,,,,
2004-10-03,49.714,5.734,177.2,134.3,94.5465,79.1635,12527.214,5.5
2004-10-10,51.774,5.924,,,,,,
2004-10-17,54.116,5.608,,,,,,
2004-10-24,54.428,6.7,,,,,,
2004-10-31,53.428,7.376,,,,,,
2004-11-07,49.81,6.918000000000001,179.3,135.3,94.7813,79.3296,,5.4
2004-11-14,48.0,6.1240000000000006,,,,,,
2004-11-21,47.02,5.81,,,,,,
2004-11-28,48.78666666666667,5.163333333333333,,,,,,
2004-12-05,46.06,6.612,180.5,136.1,95.5365,79.9179,,5.4
2004-12-12,41.91,6.078,,,,,,
2004-12-19,43.5,7.034000000000001,,,,,,
2004-12-26,44.3925,7.0,,,,,,
2005-01-02,42.5225,6.26,182.7,137.4,95.8801,80.1494,12767.286,5.3
2005-01-09,44.072,5.738,,,,,,
2005-01-16,46.79,6.114,,,,,,
2005-01-23,47.8475,6.395,,,,,,
2005-01-30,48.558,6.404000000000001,,,,,,
2005-02-06,46.97,6.248,183.4,138.4,96.5761,80.6584,,5.4
2005-02-13,46.08,6.08,,,,,,
2005-02-20,47.82,5.997999999999999,,,,,,
2005-02-27,51.745,6.1274999999999995,,,,,,
2005-03-06,52.74400000000001,6.616,184.7,138.9,96.4456,80.4638,,5.2
2005-03-13,54.224,6.82,,,,,,
2005-03-20,55.92999999999999,7.093999999999999,,,,,,
2005-03-27,52.945,7.1450000000000005,,,,,,
2005-04-03,54.970000000000006,7.215999999999999,185.9,139.4,96.6532,80.5421,12922.656,5.2
2005-04-10,55.238,7.492,,,,,,
2005-04-17,51.436,7.109999999999999,,,,,,
2005-04-24,52.39,6.998,,,,,,
2005-05-01,51.996,6.952,185.8,139.7,96.7402,80.5094,,5.1
2005-05-08,50.636,6.5840000000000005,,,,,,
2005-05-15,50.334,6.590000000000001,,,,,,
2005-05-22,47.77,6.422,,,,,,
2005-05-29,50.146,6.326,,,,,,
2005-06-05,53.754999999999995,6.4875,185.3,140.1,97.1753,80.7567,,5.0
2005-06-12,53.74400000000001,7.108,,,,,,
2005-06-19,56.181999999999995,7.362,,,,,,
2005-06-26,59.044,7.522,,,,,,
2005-07-03,58.214,7.086,186.3,140.3,96.8676,80.3802,13142.642,5.0
2005-07-10,60.355,7.640000000000001,,,,,,
2005-07-17,59.181999999999995,7.786,,,,,,
2005-07-24,57.303999999999995,7.653999999999999,,,,,,
2005-07-31,59.39,7.56,,,,,,
2005-08-07,61.636,8.462,186.4,140.2,97.1833,80.5172,,4.9
2005-08-14,64.846,9.066,,,,,,
2005-08-21,64.918,9.53,,,,,,
2005-08-28,66.342,9.81,,,,,,
2005-09-04,68.47200000000001,11.604,187.7,141.4,95.3005,78.8319,,5.0
2005-09-11,64.80499999999999,11.135,,,,,,
2005-09-18,63.84400000000001,10.936,,,,,,
2005-09-25,66.42999999999999,13.4625,,,,,,
2005-10-02,66.064,,191.2,143.7,96.4572,79.6607,13324.204,5.0
2005-10-09,63.056,13.67,,,,,,
2005-10-16,62.86800000000001,13.402,,,,,,
2005-10-23,62.279999999999994,13.358,,,,,,
2005-10-30,61.328,13.706,,,,,,
2005-11-06,60.34,10.858,193.6,147.2,97.5414,80.426,,5.0
2005-11-13,58.8,9.218,,,,,,
2005-11-20,57.0,10.264,,,,,,
2005-11-27,58.13333333333333,10.883333333333333,,,,,,
2005-12-04,57.784000000000006,11.888,193.9,148.2,98.0452,80.7109,,4.9
2005-12-11,59.83,14.212,,,,,,
2005-12-18,60.32000000000001,14.49,,,,,,
2005-12-25,57.968,13.056,,,,,,
2006-01-01,59.8225,9.9275,195.7,149.0,98.1999,80.7078,13599.16,4.7
2006-01-08,63.385,9.4225,,,,,,
2006-01-15,63.739999999999995,8.628,,,,,,
2006-01-22,66.785,8.6725,,,,,,
2006-01-29,66.82000000000001,8.222,,,,,,
2006-02-05,66.59,8.364,196.2,149.1,98.2413,80.6111,,4.8
2006-02-12,63.06,7.796000000000001,,,,,,
2006-02-19,59.370000000000005,7.25,,,,,,
2006-02-26,59.932500000000005,7.3925,,,,,,
2006-03-05,62.272000000000006,6.712000000000001,196.2,148.7,98.4628,80.6609,,4.7
2006-03-12,60.89,6.442,,,,,,
2006-03-19,62.64,7.062,,,,,,
2006-03-26,61.355999999999995,7.095999999999999,,,,,,
2006-04-02,65.67,7.106,195.7,148.8,98.7618,80.7713,13753.424,4.7
2006-04-09,66.564,6.975999999999999,,,,,,
2006-04-16,68.845,6.8100000000000005,,,,,,
2006-04-23,71.868,7.628,,,,,,
2006-04-30,70.378,7.17,,,,,,
2006-05-07,72.14000000000001,6.608,196.6,148.8,98.7869,80.6521,,4.6
2006-05-14,71.49600000000001,6.548,,,,,,
2006-05-21,69.074,5.924,,,,,,
2006-05-28,70.35,5.964,,,,,,
2006-06-04,71.5275,6.1625,197.2,148.9,99.0997,80.7601,,4.6
2006-06-11,71.54,6.064,,,,,,
2006-06-18,69.482,6.302,,,,,,
2006-06-25,69.94,6.496,,,,,,
2006-07-02,72.654,5.965999999999999,197.6,149.5,99.0489,80.5643,13870.188,4.7
2006-07-09,74.65333333333334,5.386666666666667,,,,,,
2006-07-16,75.208,5.738,,,,,,
2006-07-23,73.976,6.044,,,,,,
2006-07-30,73.874,6.8180000000000005,,,,,,
2006-08-06,75.204,8.08,197.8,150.5,99.4836,80.754,,4.7
2006-08-13,75.634,7.428,,,,,,
2006-08-20,71.79400000000001,6.837999999999999,,,,,,
2006-08-27,72.12,7.093999999999999,,,,,,
2006-09-03,70.006,6.038,197.9,150.6,99.3183,80.4492,,4.5
2006-09-10,67.53,5.525,,,,,,
2006-09-17,63.977999999999994,5.15,,,,,,
2006-09-24,61.404,4.8,,,,,,
2006-10-01,61.938,4.1659999999999995,197.2,151.2,99.2044,80.1804,14039.56,4.4
2006-10-08,59.766,4.32,,,,,,
2006-10-15,58.581999999999994,5.07,,,,,,
2006-10-22,58.476,6.2219999999999995,,,,,,
2006-10-29,58.879999999999995,7.388,,,,,,
2006-11-05,58.553999999999995,7.106,196.5,151.1,99.1627,79.9663,,4.5
2006-11-12,59.964,7.042,,,,,,
2006-11-19,57.55800000000001,7.390000000000001,,,,,,
2006-11-26,57.23666666666667,7.593333333333334,,,,,,
2006-12-03,62.024,7.934,197.0,150.6,100.1735,80.5985,,4.4
2006-12-10,62.318000000000005,7.508,,,,,,
2006-12-17,61.908,7.006,,,,,,
2006-12-24,62.4,6.258,,,,,,
2006-12-31,60.655,5.5975,,,,,,
2007-01-07,57.755,5.4975,197.3,149.9,99.8346,80.1452,14215.651,4.6
2007-01-14,54.11,6.13,,,,,,
2007-01-21,51.504999999999995,6.5200000000000005,,,,,,
2007-01-28,53.565999999999995,7.287999999999999,,,,,,
2007-02-04,57.114,7.706,198.1,149.6,100.7753,80.7218,,4.5
2007-02-11,58.99399999999999,8.309999999999999,,,,,,
2007-02-18,58.408,8.426,,,,,,
2007-02-25,59.57,7.4625,,,,,,
2007-03-04,61.64,7.337999999999999,199.4,149.4,100.9547,80.6932,,4.4
2007-03-11,60.85,7.32,,,,,,
2007-03-18,57.94,6.862,,,,,,
2007-03-25,58.264,6.912000000000001,,,,,,
2007-04-01,64.17999999999999,7.322,201.1,149.4,101.6334,81.0737,14402.082,4.5
2007-04-08,64.82000000000001,7.545,,,,,,
2007-04-15,62.581999999999994,7.83,,,,,,
2007-04-22,63.056,7.512,,,,,,
2007-04-29,65.258,7.481999999999999,,,,,,
2007-05-06,63.822,7.678,201.9,149.8,101.7306,81.0044,,4.4
2007-05-13,61.896,7.562,,,,,,
2007-05-20,63.60799999999999,7.742,,,,,,
2007-05-27,64.894,7.56,,,,,,
2007-06-03,63.942499999999995,7.6475,202.8,149.9,101.7893,80.9238,,4.6
2007-06-10,65.896,7.76,,,,,,
2007-06-17,66.624,7.506,,,,,,
2007-06-24,68.782,7.364,,,,,,
2007-07-01,69.134,6.709999999999999,203.6,150.4,101.6672,80.7255,14564.117,4.7
2007-07-08,71.7825,6.265000000000001,,,,,,
2007-07-15,72.792,6.403999999999999,,,,,,
2007-07-22,74.92,6.37,,,,,,
2007-07-29,75.152,5.764,,,,,,
2007-08-05,76.752,6.296,204.9,151.3,101.863,80.8082,,4.6
2007-08-12,71.924,6.348000000000001,,,,,,
2007-08-19,72.05,7.081999999999999,,,,,,
2007-08-26,70.188,5.93,,,,,,
2007-09-02,72.928,5.514,205.0,151.2,102.0894,80.9387,,4.7
2007-09-09,75.9625,5.6625,,,,,,
2007-09-16,78.946,6.034000000000001,,,,,,
2007-09-23,82.256,6.206,,,,,,
2007-09-30,81.704,6.332,,,,,,
2007-10-07,80.59200000000001,6.651999999999999,206.4,151.6,101.8015,80.6837,14715.058,4.7
2007-10-14,81.45599999999999,6.684,,,,,,
2007-10-21,87.804,7.104000000000001,,,,,,
2007-10-28,89.23400000000001,6.392,,,,,,
2007-11-04,93.456,6.93,209.2,152.2,102.3446,81.1065,,4.7
2007-11-11,95.808,6.946,,,,,,
2007-11-18,93.556,7.194,,,,,,
2007-11-25,97.93,6.8825,,,,,,
2007-12-02,92.468,7.44,210.4,153.2,102.3803,81.1425,,5.0
2007-12-09,88.706,7.122,,,,,,
2007-12-16,91.182,7.1739999999999995,,,,,,
2007-12-23,91.16,7.124,,,,,,
2007-12-30,95.6375,6.970000000000001,,,,,,
2008-01-06,98.165,7.5725,213.6,154.8,102.2448,81.0549,14706.538,5.0
2008-01-13,94.762,7.836,,,,,,
2008-01-20,91.512,8.325999999999999,,,,,,
2008-01-27,89.41,7.865,,,,,,
2008-02-03,91.138,8.024,215.8,155.6,101.8438,80.7602,,4.9
2008-02-10,89.078,7.87,,,,,,
2008-02-17,94.13,8.466,,,,,,
2008-02-24,99.6125,8.885,,,,,,
2008-03-02,100.84,9.156,218.4,156.4,101.5336,80.5381,,5.1
2008-03-09,103.444,9.434,,,,,,
2008-03-16,109.346,9.742,,,,,,
2008-03-23,105.2825,9.085,,,,,,
2008-03-30,104.492,9.236,,,,,,
2008-04-06,103.46,9.684,221.1,156.8,100.8785,80.0376,14865.701,5.0
2008-04-13,109.71,9.878,,,,,,
2008-04-20,114.328,10.13,,,,,,
2008-04-27,118.534,10.538,,,,,,
2008-05-04,115.422,10.746,224.5,158.3,100.2674,79.5579,,5.4
2008-05-11,123.006,11.112,,,,,,
2008-05-18,124.962,11.36,,,,,,
2008-05-25,130.138,11.314,,,,,,
2008-06-01,128.465,11.6725,228.5,159.4,100.0335,79.3571,,5.6
2008-06-08,128.164,12.288,,,,,,
2008-06-15,134.8,12.588,,,,,,
2008-06-22,134.342,12.876,,,,,,
2008-06-29,136.998,12.888,,,,,,
2008-07-06,142.5175,13.195,234.5,162.9,99.676,79.0325,14898.999,5.8
2008-07-13,139.95,12.302,,,,,,
2008-07-20,135.368,11.297999999999998,,,,,,
2008-07-27,125.924,9.932,,,,,,
2008-08-03,124.574,9.15,238.2,165.2,98.1111,77.7251,,6.1
2008-08-10,118.798,8.709999999999999,,,,,,
2008-08-17,114.402,8.098,,,,,,
2008-08-24,115.7,7.901999999999999,,,,,,
2008-08-31,116.092,8.158,,,,,,
2008-09-07,108.3675,7.535,240.4,166.9,93.7895,74.2216,,6.1
2008-09-14,102.876,7.692,,,,,,
2008-09-21,97.19,7.909999999999999,,,,,,
2008-09-28,111.122,7.74,,,,,,
2008-10-05,96.594,7.302,239.3,167.8,94.7219,74.8669,14608.209,6.5
2008-10-12,86.242,6.68,,,,,,
2008-10-19,75.19,6.6819999999999995,,,,,,
2008-10-26,68.56,6.748,,,,,,
2008-11-02,65.212,6.436,234.5,166.9,93.4715,73.782,,6.8
2008-11-09,64.306,6.764,,,,,,
2008-11-16,58.602,6.676,,,,,,
2008-11-23,52.25599999999999,6.6739999999999995,,,,,,
2008-11-30,53.265,6.6049999999999995,,,,,,
2008-12-07,45.598,6.436,229.7,165.0,90.8357,71.607,,7.3
2008-12-14,44.566,5.678,,,,,,
2008-12-21,39.704,5.715999999999999,,,,,,
2008-12-28,32.975,5.41,,,,,,
2009-01-04,42.4025,5.64,226.7,163.4,88.57,69.7304,14430.902,7.8
2009-01-11,44.458,5.8759999999999994,,,,,,
2009-01-18,36.727999999999994,5.4239999999999995,,,,,,
2009-01-25,42.145,4.8,,,,,,
2009-02-01,42.70399999999999,4.74,225.1,161.6,88.031,69.2326,,8.3
2009-02-08,40.776,4.808,,,,,,
2009-02-15,36.942,4.7219999999999995,,,,,,
2009-02-22,37.145,4.342499999999999,,,,,,
2009-03-01,41.098,4.152,224.6,161.2,86.6528,68.0889,,8.7
2009-03-08,43.178,4.234,,,,,,
2009-03-15,45.656,3.886,,,,,,
2009-03-22,49.486,3.796,,,,,,
2009-03-29,52.986,4.064,,,,,,
2009-04-05,50.344,3.624,223.6,160.9,85.9344,67.4762,14381.236,9.0
2009-04-12,50.46,3.6075,,,,,,
2009-04-19,49.864,3.532,,,,,,
2009-04-26,47.798,3.446,,,,,,
2009-05-03,50.20399999999999,3.2920000000000003,222.8,160.6,85.0665,66.7676,,9.4
2009-05-10,55.96,3.7760000000000007,,,,,,
2009-05-17,57.94,4.244,,,,,,
2009-05-24,60.32000000000001,3.788,,,,,,
2009-05-31,64.32249999999999,3.5775,,,,,,
2009-06-07,68.108,3.762,222.4,160.3,84.7459,66.5138,,9.5
2009-06-14,70.854,3.534,,,,,,
2009-06-21,70.62,4.036,,,,,,
2009-06-28,68.58,3.87,,,,,,
2009-07-05,69.32249999999999,3.68,224.1,160.3,85.7027,67.29,14448.882,9.5
2009-07-12,61.476,3.272,,,,,,
2009-07-19,61.286,3.286,,,,,,
2009-07-26,65.276,3.498,,,,,,
2009-08-02,67.03200000000001,3.408,224.0,160.4,86.6426,68.0795,,9.6
2009-08-09,71.578,3.5839999999999996,,,,,,
2009-08-16,69.642,3.3939999999999997,,,,,,
2009-08-23,70.8,3.014,,,,,,
2009-08-30,72.374,2.716,,,,,,
2009-09-06,68.39200000000001,2.184,225.1,161.3,87.4063,68.7549,,9.8
2009-09-13,70.91,2.6925,,,,,,
2009-09-20,71.32000000000001,3.2079999999999997,,,,,,
2009-09-27,68.326,3.464,,,,,,
2009-10-04,68.836,3.064,225.0,161.5,87.6419,69.0357,14651.249,10.0
2009-10-11,70.80199999999999,3.596,,,,,,
2009-10-18,75.726,3.926,,,,,,
2009-10-25,80.06,4.696,,,,,,
2009-11-01,78.46600000000001,4.37,225.4,161.9,88.0221,69.447,,9.9
2009-11-08,79.0,4.2780000000000005,,,,,,
2009-11-15,78.24,3.376,,,,,,
2009-11-22,78.368,3.304,,,,,,
2009-11-29,76.1425,3.5149999999999997,,,,,,
2009-12-06,76.806,4.496,227.3,162.0,88.3793,69.8541,,9.9
2009-12-13,71.51,5.076,,,,,,
2009-12-20,71.724,5.606,,,,,,
2009-12-27,74.7625,5.6625,,,,,,
2010-01-03,79.07,5.88,228.7,162.3,89.3426,70.7532,14764.61,9.8
2010-01-10,82.344,6.564,,,,,,
2010-01-17,80.06,5.676,,,,,,
2010-01-24,76.6225,5.56,,,,,,
2010-01-31,73.936,5.474,,,,,,
2010-02-07,74.572,5.4719999999999995,231.3,163.1,89.6779,71.1612,,9.8
2010-02-14,73.88,5.5520000000000005,,,,,,
2010-02-21,78.2475,5.405,,,,,,
2010-02-28,79.22200000000001,4.868,,,,,,
2010-03-07,80.19,4.742,232.0,164.3,90.2928,71.7964,,9.9
2010-03-14,81.756,4.4479999999999995,,,,,,
2010-03-21,81.44200000000001,4.228,,,,,,
2010-03-28,80.646,4.01,,,,,,
2010-04-04,83.01,3.8175,234.1,165.6,90.5991,72.1905,14980.193,9.9
2010-04-11,85.662,3.998,,,,,,
2010-04-18,84.342,4.058,,,,,,
2010-04-25,82.902,3.986,,,,,,
2010-05-02,84.218,4.156000000000001,233.4,166.2,91.823,73.3146,,9.6
2010-05-09,80.24,3.94,,,,,,
2010-05-16,74.97999999999999,4.188,,,,,,
2010-05-23,69.136,4.256,,,,,,
2010-05-30,70.61800000000001,4.176,,,,,,
2010-06-06,72.9075,4.4425,232.6,167.1,91.9928,73.5918,,9.4
2010-06-13,73.436,4.734,,,,,,
2010-06-20,76.7,5.098000000000001,,,,,,
2010-06-27,77.06,4.928,,,,,,
2010-07-04,74.958,4.664,233.5,166.8,92.3421,74.0009,15141.607,9.4
2010-07-11,74.38749999999999,4.645,,,,,,
2010-07-18,76.348,4.476,,,,,,
2010-07-25,77.562,4.642,,,,,,
2010-08-01,78.12,4.746,233.7,166.9,92.6805,74.3883,,9.5
2010-08-08,81.786,4.8,,,,,,
2010-08-15,78.172,4.42,,,,,,
2010-08-22,74.84400000000001,4.296,,,,,,
2010-08-29,72.91,3.956,,,,,,
2010-09-05,74.02000000000001,3.756,234.6,167.0,92.9537,74.7076,,9.5
2010-09-12,74.82000000000001,3.8025,,,,,,
2010-09-19,75.616,4.014,,,,,,
2010-09-26,73.756,4.006,,,,,,
2010-10-03,78.40599999999999,3.786,236.3,167.2,92.6903,74.58,15309.474,9.4
2010-10-10,82.29400000000001,3.522,,,,,,
2010-10-17,82.164,3.492,,,,,,
2010-10-24,81.148,3.3659999999999997,,,,,,
2010-10-31,82.03,3.31,,,,,,
2010-11-07,84.928,3.3939999999999997,236.8,167.8,92.7709,74.7131,,9.8
2010-11-14,86.90799999999999,3.696,,,,,,
2010-11-21,82.23400000000001,3.734,,,,,,
2010-11-28,82.2775,3.8975,,,,,,
2010-12-05,86.752,4.2,237.6,168.6,93.6787,75.4968,,9.3
2010-12-12,88.49600000000001,4.462,,,,,,
2010-12-19,88.268,4.26,,,,,,
2010-12-26,89.6625,4.09,,,,,,
2011-01-02,90.966,4.156000000000001,242.6,170.6,93.4814,75.3741,15351.448,9.1
2011-01-09,89.54400000000001,4.516,,,,,,
2011-01-16,91.024,4.464,,,,,,
2011-01-23,89.7525,4.5725,,,,,,
2011-01-30,86.114,4.452,,,,,,
2011-02-06,89.52000000000001,4.5120000000000005,245.0,171.6,93.1102,75.0928,,9.0
2011-02-13,85.514,4.17,,,,,,
2011-02-20,84.13399999999999,3.896,,,,,,
2011-02-27,95.26,3.84,,,,,,
2011-03-06,101.052,3.82,247.6,173.0,94.0788,75.8747,,9.0
2011-03-13,103.738,3.804,,,,,,
2011-03-20,99.79,3.88,,,,,,
2011-03-27,104.406,4.124,,,,,,
2011-04-03,105.084,4.302,250.2,174.4,93.7749,75.6127,15557.539,9.1
2011-04-10,109.286,4.154,,,,,,
2011-04-17,107.75,4.12,,,,,,
2011-04-24,109.11,4.2700000000000005,,,,,,
2011-05-01,112.296,4.386,252.8,176.4,93.888,75.6684,,9.0
2011-05-08,105.836,4.504,,,,,,
2011-05-15,99.866,4.178,,,,,,
2011-05-22,97.994,4.151999999999999,,,,,,
2011-05-29,99.546,4.346,,,,,,
2011-06-05,100.9225,4.6525,253.4,178.4,94.172,75.8425,,9.1
2011-06-12,100.054,4.826,,,,,,
2011-06-19,95.874,4.5600000000000005,,,,,,
2011-06-26,92.696,4.326,,,,,,
2011-07-03,93.702,4.32,255.1,178.8,94.636,76.1431,15647.68,9.0
2011-07-10,97.1225,4.295,,,,,,
2011-07-17,96.72,4.414,,,,,,
2011-07-24,98.006,4.576,,,,,,
2011-07-31,97.828,4.401999999999999,,,,,,
2011-08-07,90.854,4.21,255.2,178.4,95.2749,76.5667,,9.0
2011-08-14,82.862,4.076,,,,,,
2011-08-21,85.364,4.006,,,,,,
2011-08-28,85.056,4.01,,,,,,
2011-09-04,88.072,4.01,256.7,178.6,95.1961,76.3992,,9.0
2011-09-11,87.905,3.96,,,,,,
2011-09-18,88.934,3.954,,,,,,
2011-09-25,83.652,3.772,,,,,,
2011-10-02,81.178,3.81,255.9,178.7,95.8568,76.8123,15842.259,8.8
2011-10-09,79.434,3.53,,,,,,
2011-10-16,85.348,3.476,,,,,,
2011-10-23,86.818,3.618,,,,,,
2011-10-30,92.316,3.62,,,,,,
2011-11-06,93.244,3.474,255.6,178.3,95.8485,76.6783,,8.6
2011-11-13,96.966,3.418,,,,,,
2011-11-20,99.318,3.104,,,,,,
2011-11-27,96.89,2.92,,,,,,
2011-12-04,99.906,3.37,254.7,178.2,96.3571,76.9495,,8.5
2011-12-11,100.078,3.3939999999999997,,,,,,
2011-12-18,96.064,3.0780000000000003,,,,,,
2011-12-25,97.74,3.038,,,,,,
2012-01-01,99.81,3.0425,258.4,178.5,96.9318,77.2652,16068.805,8.3
2012-01-08,102.3875,2.9225000000000003,,,,,,
2012-01-15,100.432,2.8080000000000003,,,,,,
2012-01-22,99.945,2.3975,,,,,,
2012-01-29,99.354,2.5740000000000003,,,,,,
2012-02-05,97.8,2.4479999999999995,259.7,179.3,97.2435,77.3673,,8.3
2012-02-12,98.56,2.51,,,,,,
2012-02-19,101.726,2.516,,,,,,
2012-02-26,107.175,2.6275,,,,,,
2012-03-04,107.52,2.452,261.7,180.2,96.74,76.8194,,8.2
2012-03-11,106.324,2.26,,,,,,
2012-03-18,106.15,2.106,,,,,,
2012-03-25,106.41,2.16,,,,,,
2012-04-01,105.122,2.064,262.0,181.2,97.4359,77.2234,16207.115,8.2
2012-04-08,103.5225,1.965,,,,,,
2012-04-15,102.552,1.926,,,,,,
2012-04-22,103.152,1.862,,,,,,
2012-04-29,103.784,2.0,,,,,,
2012-05-06,103.472,2.258,262.0,181.6,97.6609,77.2546,,8.2
2012-05-13,96.984,2.332,,,,,,
2012-05-20,93.108,2.49,,,,,,
2012-05-27,90.882,2.5940000000000003,,,,,,
2012-06-03,87.0575,2.3675,259.6,181.7,97.6663,77.1149,,8.2
2012-06-10,84.434,2.334,,,,,,
2012-06-17,83.27000000000001,2.242,,,,,,
2012-06-24,81.11,2.524,,,,,,
2012-07-01,80.226,2.764,259.6,181.3,97.8713,77.1372,16319.541,8.2
2012-07-08,85.735,2.8375,,,,,,
2012-07-15,85.78,2.818,,,,,,
2012-07-22,90.34,2.9219999999999997,,,,,,
2012-07-29,88.876,3.126,,,,,,
2012-08-05,89.098,3.1220000000000003,260.2,180.4,97.4525,76.672,,8.1
2012-08-12,93.14,2.918,,,,,,
2012-08-19,94.434,2.772,,,,,,
2012-08-26,96.224,2.7939999999999996,,,,,,
2012-09-02,95.684,2.718,259.9,180.5,97.381,76.4846,,7.8
2012-09-09,95.675,2.815,,,,,,
2012-09-16,97.562,2.878,,,,,,
2012-09-23,93.702,2.758,,,,,,
2012-09-30,91.348,2.934,,,,,,
2012-10-07,90.814,3.22,260.8,180.8,97.7193,76.6227,16420.419,7.8
2012-10-14,91.422,3.256,,,,,,
2012-10-21,91.59,3.314,,,,,,
2012-10-28,86.354,3.406,,,,,,
2012-11-04,85.87,3.444,259.9,181.0,98.0777,76.78,,7.7
2012-11-11,85.982,3.4,,,,,,
2012-11-18,85.866,3.5439999999999996,,,,,,
2012-11-25,87.4,3.6075,,,,,,
2012-12-02,87.274,3.66,259.3,180.9,98.3101,76.8435,,7.9
2012-12-09,87.002,3.408,,,,,,
2012-12-16,85.712,3.2980000000000005,,,,,,
2012-12-23,88.244,3.3020000000000005,,,,,,
2012-12-30,90.1425,3.34,,,,,,
2013-01-06,92.765,3.28,262.8,182.0,98.3342,76.7502,16648.189,8.0
2013-01-13,93.38,3.182,,,,,,
2013-01-20,94.582,3.44,,,,,,
2013-01-27,95.4125,3.535,,,,,,
2013-02-03,97.332,3.26,264.7,182.7,98.7941,77.0029,,7.7
2013-02-10,96.176,3.3340000000000005,,,,,,
2013-02-17,96.954,3.256,,,,,,
2013-02-24,94.38,3.2825,,,,,,
2013-03-03,92.19,3.478,265.0,184.1,99.1921,77.2135,,7.5
2013-03-10,91.004,3.568,,,,,,
2013-03-17,92.7,3.74,,,,,,
2013-03-24,93.046,3.986,,,,,,
2013-03-31,96.0775,4.045,,,,,,
2013-04-07,95.074,3.992,265.3,184.4,99.1065,77.0553,16728.687,7.6
2013-04-14,93.36,4.13,,,,,,
2013-04-21,88.0,4.254,,,,,,
2013-04-28,90.998,4.24,,,,,,
2013-05-05,93.4,4.2299999999999995,265.1,184.5,99.1839,77.0307,,7.5
2013-05-12,95.844,3.888,,,,,,
2013-05-19,94.648,3.946,,,,,,
2013-05-26,94.756,4.138,,,,,,
2013-06-02,93.32,4.12,265.5,184.6,99.3897,77.1119,,7.5
2013-06-09,94.25,3.942,,,,,,
2013-06-16,96.358,3.770000000000001,,,,,,
2013-06-23,96.652,3.872,,,,,,
2013-06-30,95.83,3.72,,,,,,
2013-07-07,100.65,3.54,265.2,185.0,99.0814,76.8008,16953.838,7.3
2013-07-14,104.704,3.656,,,,,,
2013-07-21,106.882,3.694,,,,,,
2013-07-28,105.876,3.672,,,,,,
2013-08-04,105.544,3.4520000000000004,263.9,185.1,99.6543,77.1772,,7.2
2013-08-11,105.166,3.318,,,,,,
2013-08-18,106.974,3.346,,,,,,
2013-08-25,105.476,3.494,,,,,,
2013-09-01,108.33,3.5479999999999996,262.8,185.2,100.161,77.5046,,7.2
2013-09-08,108.77,3.6425,,,,,,
2013-09-15,108.356,3.608,,,,,,
2013-09-22,106.218,3.708,,,,,,
2013-09-29,103.096,3.554,,,,,,
2013-10-06,103.144,3.564,262.3,185.1,100.082,77.3802,17192.019,7.2
2013-10-13,102.698,3.704,,,,,,
2013-10-20,101.508,3.792,,,,,,
2013-10-27,97.572,3.694,,,,,,
2013-11-03,96.938,3.55,261.7,185.5,100.3158,77.4988,,6.9
2013-11-10,94.306,3.468,,,,,,
2013-11-17,93.944,3.616,,,,,,
2013-11-24,93.92,3.686,,,,,,
2013-12-01,92.9675,3.865,262.6,185.5,100.5175,77.5927,,6.7
2013-12-08,96.206,3.94,,,,,,
2013-12-15,97.23,4.312,,,,,,
2013-12-22,97.854,4.252,,,,,,
2013-12-29,99.1525,4.445,,,,,,
2014-01-05,96.4675,4.3575,266.5,185.7,100.1599,77.254,17197.738,6.6
2014-01-12,92.416,4.308,,,,,,
2014-01-19,92.976,4.388,,,,,,
2014-01-26,96.1875,5.085,,,,,,
2014-02-02,97.29,5.29,267.9,186.0,100.9168,77.7747,,6.7
2014-02-09,97.78,6.351999999999999,,,,,,
2014-02-16,100.208,6.548,,,,,,
2014-02-23,102.9325,6.0,,,,,,
2014-03-02,102.772,5.101999999999999,268.1,186.4,101.8942,78.4628,,6.7
2014-03-09,103.074,6.24,,,,,,
2014-03-16,99.554,4.574,,,,,,
2014-03-23,99.774,4.428,,,,,,
2014-03-30,100.66,4.456,,,,,,
2014-04-06,100.462,4.452,269.9,186.6,101.9928,78.4705,17518.508,6.2
2014-04-13,102.72,4.632,,,,,,
2014-04-20,103.9475,4.6525,,,,,,
2014-04-27,102.112,4.794,,,,,,
2014-05-04,100.508,4.7620000000000005,269.5,186.5,102.3836,78.6999,,6.3
2014-05-11,100.29,4.742,,,,,,
2014-05-18,101.916,4.459999999999999,,,,,,
2014-05-25,103.82,4.522,,,,,,
2014-06-01,103.9525,4.52,270.0,186.7,102.735,78.8952,,6.1
2014-06-08,103.234,4.61,,,,,,
2014-06-15,105.968,4.612,,,,,,
2014-06-22,107.228,4.654,,,,,,
2014-06-29,106.692,4.514,,,,,,
2014-07-06,105.5175,4.41,271.1,186.3,102.9632,78.9933,17804.228,6.2
2014-07-13,103.254,4.188,,,,,,
2014-07-20,102.368,4.108,,,,,,
2014-07-27,104.346,3.84,,,,,,
2014-08-03,102.194,3.792,271.0,186.5,102.7688,78.7669,,6.1
2014-08-10,97.496,3.918,,,,,,
2014-08-17,97.172,3.898,,,,,,
2014-08-24,94.954,3.851999999999999,,,,,,
2014-08-31,96.258,4.01,,,,,,
2014-09-07,94.0625,3.93,271.4,186.7,103.0641,78.9218,,5.9
2014-09-14,92.43,3.906,,,,,,
2014-09-21,93.52,3.944,,,,,,
2014-09-28,93.15,3.88,,,,,,
2014-10-05,91.444,4.022,270.4,186.7,103.0764,78.8663,17912.079,5.7
2014-10-12,87.628,3.876,,,,,,
2014-10-19,82.88,3.824,,,,,,
2014-10-26,82.122,3.626,,,,,,
2014-11-02,81.292,3.654,267.7,186.7,103.7126,79.2962,,5.8
2014-11-09,78.24199999999999,3.832,,,,,,
2014-11-16,76.49600000000001,4.162,,,,,,
2014-11-23,75.378,4.346,,,,,,
2014-11-30,72.355,4.1575,,,,,,
2014-12-07,67.178,3.75,266.5,186.6,103.7044,79.2419,,5.6
2014-12-14,61.136,3.658,,,,,,
2014-12-21,55.89,3.688,,,,,,
2014-12-28,55.58,2.9425,,,,,,
2015-01-04,53.4425,3.09,265.1,186.6,102.8905,78.5803,18063.529,5.7
2015-01-11,48.774,3.032,,,,,,
2015-01-18,47.066,3.0799999999999996,,,,,,
2015-01-25,46.4575,2.9475,,,,,,
2015-02-01,45.326,2.9059999999999997,264.8,186.4,102.2335,78.055,,5.5
2015-02-08,50.576,2.72,,,,,,
2015-02-15,51.136,2.752,,,,,,
2015-02-22,51.69,2.9025,,,,,,
2015-03-01,49.156,3.13,263.5,185.8,101.8914,77.7804,,5.4
2015-03-08,50.384,3.044,,,,,,
2015-03-15,47.686,2.7619999999999996,,,,,,
2015-03-22,44.394,2.804,,,,,,
2015-03-29,48.684,2.7880000000000003,,,,,,
2015-04-05,48.9075,2.635,264.4,185.2,101.3355,77.3487,18279.784,5.4
2015-04-12,51.778,2.67,,,,,,
2015-04-19,54.779999999999994,2.612,,,,,,
2015-04-26,56.138,2.594,,,,,,
2015-05-03,57.976,2.568,265.3,184.8,100.8883,77.0092,,5.6
2015-05-10,59.726,2.752,,,,,,
2015-05-17,60.014,2.8760000000000003,,,,,,
2015-05-24,58.952,2.996,,,,,,
2015-05-31,58.185,2.8,,,,,,
2015-06-07,59.664,2.652,268.2,184.8,100.571,76.7774,,5.3
2015-06-14,60.072,2.778,,,,,,
2015-06-21,59.892,2.9,,,,,,
2015-06-28,60.014,2.804,,,,,,
2015-07-05,57.9225,2.786,267.3,184.6,101.2228,77.2924,18401.626,5.2
2015-07-12,52.384,2.746,,,,,,
2015-07-19,51.684000000000005,2.8939999999999997,,,,,,
2015-07-26,49.212,2.88,,,,,,
2015-08-02,47.91,2.87,266.5,184.4,101.0367,77.1715,,5.1
2015-08-09,44.938,2.792,,,,,,
2015-08-16,43.198,2.8760000000000003,,,,,,
2015-08-23,41.342,2.748,,,,,,
2015-08-30,40.726,2.694,,,,,,
2015-09-06,46.73,2.688,264.5,184.1,100.7547,76.9791,,5.0
2015-09-13,45.1625,2.7060000000000004,,,,,,
2015-09-20,45.482,2.702,,,,,,
2015-09-27,45.572,2.612,,,,,,
2015-10-04,44.998000000000005,2.4880000000000004,263.2,183.3,100.2675,76.6282,18435.137,5.0
2015-10-11,48.36,2.3760000000000003,,,,,,
2015-10-18,46.82000000000001,2.476,,,,,,
2015-10-25,45.156,2.382,,,,,,
2015-11-01,44.989999999999995,2.118,262.6,182.8,99.5298,76.0819,,5.1
2015-11-08,45.982,2.022,,,,,,
2015-11-15,42.696,2.106,,,,,,
2015-11-22,40.62,2.09,,,,,,
2015-11-29,40.4875,2.148,,,,,,
2015-12-06,40.404,2.13,262.6,182.8,99.0417,75.7214,,5.0
2015-12-13,36.934,1.962,,,,,,
2015-12-20,35.775999999999996,1.718,,,,,,
2015-12-27,36.2625,1.6759999999999995,,,,,,
2016-01-03,36.99,2.268,264.9,182.6,99.5607,76.1248,18525.933,4.8
2016-01-10,34.648,2.382,,,,,,
2016-01-17,30.586,2.322,,,,,,
2016-01-24,29.1925,2.2039999999999997,,,,,,
2016-01-31,31.808,2.222,,,,,,
2016-02-07,31.26,2.1119999999999997,264.4,182.3,99.0445,75.7291,,4.9
2016-02-14,28.144,2.158,,,,,,
2016-02-21,30.0225,1.936,,,,,,
2016-02-28,31.322000000000003,1.8240000000000005,,,,,,
2016-03-06,34.434000000000005,1.574,264.8,182.1,98.3096,75.1587,,5.0
2016-03-13,37.694,1.646,,,,,,
2016-03-20,38.318,1.7879999999999998,,,,,,
2016-03-27,39.445,1.786,,,,,,
2016-04-03,36.822,1.856,266.0,182.3,98.6421,75.3969,18711.702,5.1
2016-04-10,36.72,1.956,,,,,,
2016-04-17,41.226,1.904,,,,,,
2016-04-24,41.856,1.904,,,,,,
2016-05-01,44.298,1.918,266.3,182.3,98.4184,75.2034,,4.8
2016-05-08,44.215999999999994,1.9579999999999995,,,,,,
2016-05-15,45.44,2.0,,,,,,
2016-05-22,47.992,1.886,,,,,,
2016-05-29,48.724,1.836,,,,,,
2016-06-05,49.0,2.15,268.1,182.6,98.8833,75.5298,,4.9
2016-06-12,50.184000000000005,2.36,,,,,,
2016-06-19,47.888,2.586,,,,,,
2016-06-26,48.71,2.75,,,,,,
2016-07-03,48.174,2.8899999999999997,267.7,182.8,98.9992,75.5839,18892.639,4.8
2016-07-10,46.1725,2.822,,,,,,
2016-07-17,45.598,2.8120000000000003,,,,,,
2016-07-24,44.44,2.7960000000000003,,,,,,
2016-07-31,41.826,2.848,,,,,,
2016-08-07,40.82,2.884,267.7,182.5,98.85,75.432,,4.9
2016-08-14,43.114,2.772,,,,,,
2016-08-21,47.156,2.736,,,,,,
2016-08-28,47.048,2.8240000000000003,,,,,,
2016-09-04,45.106,2.9400000000000004,268.2,182.6,98.7457,75.3145,,5.0
2016-09-11,45.9575,2.868,,,,,,
2016-09-18,44.34,3.02,,,,,,
2016-09-25,44.596,3.1100000000000003,,,,,,
2016-10-02,46.552,3.008,269.0,182.6,98.7611,75.2918,19089.379,4.9
2016-10-09,49.483999999999995,2.912,,,,,,
2016-10-16,50.288,3.1719999999999997,,,,,,
2016-10-23,50.556,3.136,,,,,,
2016-10-30,49.362,2.72,,,,,,
2016-11-06,45.508,2.504,269.3,182.6,98.3491,74.9498,,4.7
2016-11-13,44.61,2.218,,,,,,
2016-11-20,45.154,2.442,,,,,,
2016-11-27,47.2475,2.764,,,,,,
2016-12-04,48.628,3.2119999999999997,268.8,182.8,99.0214,75.4424,,4.7
2016-12-11,50.974,3.684,,,,,,
2016-12-18,51.914,3.5740000000000003,,,,,,
2016-12-25,51.956,3.508,,,,,,
2017-01-01,53.595,3.684,272.8,183.2,98.7611,75.2339,19280.084,4.7
2017-01-08,53.3425,3.468,,,,,,
2017-01-15,52.065999999999995,3.268,,,,,,
2017-01-22,51.8225,3.2939999999999996,,,,,,
2017-01-29,52.742,3.2659999999999996,,,,,,
2017-02-05,53.328,3.126,274.9,183.4,98.3646,74.9346,,4.6
2017-02-12,52.879999999999995,3.0439999999999996,,,,,,
2017-02-19,53.220000000000006,2.872,,,,,,
2017-02-26,54.025,2.618,,,,,,
2017-03-05,53.564,2.522,276.1,183.9,99.0137,75.4439,,4.4
2017-03-12,50.5,2.752,,,,,,
2017-03-19,48.034000000000006,2.9539999999999997,,,,,,
2017-03-26,47.28,2.9880000000000004,,,,,,
2017-04-02,49.138,3.026,277.2,185.3,100.0224,76.2392,19438.643,4.4
2017-04-09,51.264,3.1740000000000004,,,,,,
2017-04-16,53.1875,3.0460000000000003,,,,,,
2017-04-23,51.094,3.1,,,,,,
2017-04-30,49.122,3.088,,,,,,
2017-05-07,47.209999999999994,3.136,276.7,186.3,100.1408,76.368,,4.4
2017-05-14,47.044,3.118,,,,,,
2017-05-21,49.244,3.2079999999999997,,,,,,
2017-05-28,50.214,3.176,,,,,,
2017-06-04,48.48,3.03,277.5,186.2,100.3471,76.5758,,4.3
2017-06-11,46.565999999999995,2.982,,,,,,
2017-06-18,45.3,3.028,,,,,,
2017-06-25,43.09,2.8920000000000003,,,,,,
2017-07-02,44.626,3.01,276.9,186.1,100.1068,76.4534,19692.595,4.3
2017-07-09,44.96,2.948,,,,,,
2017-07-16,45.506,2.9619999999999997,,,,,,
2017-07-23,46.406,3.088,,,,,,
2017-07-30,48.266,2.962,,,,,,
2017-08-06,49.52,2.7979999999999996,277.5,186.5,99.6925,76.2067,,4.4
2017-08-13,49.076,2.854,,,,,,
2017-08-20,47.524,2.946,,,,,,
2017-08-27,47.676,2.968,,,,,,
2017-09-03,46.68,2.93,277.6,187.0,99.7954,76.3591,,4.3
2017-09-10,48.575,2.908,,,,,,
2017-09-17,49.065999999999995,2.9619999999999997,,,,,,
2017-09-24,50.124,3.092,,,,,,
2017-10-01,51.774,2.96,280.2,187.6,101.0247,77.3753,20037.088,4.2
2017-10-08,50.232,2.84,,,,,,
2017-10-15,50.77,2.918,,,,,,
2017-10-22,51.739999999999995,2.838,,,,,,
2017-10-29,52.50599999999999,2.914,,,,,,
2017-11-05,54.59400000000001,2.778,281.2,188.5,101.2664,77.6337,,4.2
2017-11-12,57.052,3.118,,,,,,
2017-11-19,55.814,3.096,,,,,,
2017-11-26,57.4675,3.0479999999999996,,,,,,
2017-12-03,57.812,2.944,282.5,188.7,101.4644,77.8538,,4.1
2017-12-10,56.916,2.844,,,,,,
2017-12-17,57.168000000000006,2.768,,,,,,
2017-12-24,57.86800000000001,2.69,,,,,,
2017-12-31,59.88,3.025,,,,,,
2018-01-07,61.3625,5.710000000000001,284.7,189.7,101.4625,77.9138,20328.553,4.0
2018-01-14,63.25599999999999,3.24,,,,,,
2018-01-21,63.77,4.125,,,,,,
2018-01-28,65.138,3.428,,,,,,
2018-02-04,65.318,3.3020000000000005,286.4,189.9,101.7085,78.1508,,4.1
2018-02-11,62.014,2.748,,,,,,
2018-02-18,60.562,2.5380000000000003,,,,,,
2018-02-25,62.47,2.6225,,,,,,
2018-03-04,62.07000000000001,2.638,288.6,190.9,102.2067,78.5697,,4.0
2018-03-11,61.654,2.742,,,,,,
2018-03-18,61.276,2.71,,,,,,
2018-03-25,64.106,2.654,,,,,,
2018-04-01,64.9675,2.67,288.4,191.9,103.3329,79.4597,20580.912,4.0
2018-04-08,63.074,2.786,,,,,,
2018-04-15,66.022,2.776,,,,,,
2018-04-22,67.546,2.8299999999999996,,,,,,
2018-04-29,67.912,2.802,,,,,,
2018-05-06,68.38199999999999,2.754,289.9,191.9,102.4024,78.7526,,3.8
2018-05-13,70.556,2.758,,,,,,
2018-05-20,71.296,2.804,,,,,,
2018-05-27,70.978,2.836,,,,,,
2018-06-03,66.9575,2.88,290.8,192.0,103.198,79.356,,4.0
2018-06-10,65.35,2.9200000000000004,,,,,,
2018-06-17,66.20599999999999,2.994,,,,,,
2018-06-24,66.324,2.986,,,,,,
2018-07-01,74.026,2.98,291.2,192.1,103.3646,79.4588,20798.73,3.8
2018-07-08,73.72749999999999,2.905,,,,,,
2018-07-15,71.964,2.888,,,,,,
2018-07-22,68.952,2.782,,,,,,
2018-07-29,70.01,2.788,,,,,,
2018-08-05,69.462,2.8,292.2,192.9,104.0327,79.9322,,3.8
2018-08-12,67.904,2.9539999999999997,,,,,,
2018-08-19,66.146,2.998,,,,,,
2018-08-26,68.102,3.014,,,,,,
2018-09-02,69.656,2.972,291.6,193.0,104.1004,79.9314,,3.7
2018-09-09,68.5125,2.9425,,,,,,
2018-09-16,68.958,2.934,,,,,,
2018-09-23,70.276,3.03,,,,,,
2018-09-30,72.838,3.064,,,,,,
2018-10-07,75.126,3.2340000000000004,292.5,193.8,103.9856,79.7802,20917.867,3.8
2018-10-14,72.95599999999999,3.2960000000000003,,,,,,
2018-10-21,70.238,3.2619999999999996,,,,,,
2018-10-28,67.426,3.318,,,,,,
2018-11-04,65.05600000000001,3.28,293.1,193.8,104.0681,79.7722,,3.8
2018-11-11,61.574,3.5759999999999996,,,,,,
2018-11-18,56.916,4.2299999999999995,,,,,,
2018-11-25,54.98666666666666,4.666666666666667,,,,,,
2018-12-02,51.014,4.434,292.5,193.6,104.0936,79.7142,,3.9
2018-12-09,52.626,4.488,,,,,,
2018-12-16,51.541999999999994,4.38,,,,,,
2018-12-23,46.98,3.728,,,,,,
2018-12-30,45.22333333333333,3.2566666666666664,,,,,,
2019-01-06,46.99666666666667,2.9233333333333333,293.7,194.4,103.4021,79.1024,21111.6,4.0
2019-01-13,50.78,2.89,,,,,,
2019-01-20,51.924,3.498,,,,,,
2019-01-27,52.875,3.19,,,,,,
2019-02-03,53.634,2.902,293.4,194.0,102.8371,78.5877,,3.8
2019-02-10,53.526,2.5940000000000003,,,,,,
2019-02-17,53.878,2.6559999999999997,,,,,,
2019-02-24,56.745,2.7125,,,,,,
2019-03-03,56.122,2.91,293.3,193.8,102.8757,78.5337,,3.8
2019-03-10,56.348,3.282,,,,,,
2019-03-17,57.81,2.8920000000000003,,,,,,
2019-03-24,59.436,2.8579999999999997,,,,,,
2019-03-31,59.489999999999995,2.714,,,,,,
2019-04-07,62.36,2.702,293.3,193.4,102.274,77.9898,21397.938,3.7
2019-04-14,64.102,2.724,,,,,,
2019-04-21,63.8,2.625,,,,,,
2019-04-28,65.276,2.558,,,,,,
2019-05-05,62.9,2.596,292.1,192.9,102.392,77.9962,,3.6
2019-05-12,61.814,2.596,,,,,,
2019-05-19,62.104,2.666,,,,,,
2019-05-26,60.722,2.664,,,,,,
2019-06-02,56.9275,2.655,292.4,192.9,102.4375,77.9493,,3.6
2019-06-09,52.972,2.446,,,,,,
2019-06-16,52.522000000000006,2.412,,,,,,
2019-06-23,54.754,2.396,,,,,,
2019-06-30,58.382000000000005,2.34,,,,,,
2019-07-07,57.32333333333333,2.306666666666666,292.8,193.4,101.9408,77.4935,21717.171,3.7
2019-07-14,59.024,2.474,,,,,,
2019-07-21,56.748000000000005,2.436,,,,,,
2019-07-28,56.053999999999995,2.298,,,,,,
2019-08-04,56.54600000000001,2.242,291.3,192.8,102.639,77.9497,,3.6
2019-08-11,53.276,2.114,,,,,,
2019-08-18,55.306,2.212,,,,,,
2019-08-25,55.496,2.27,,,,,,
2019-09-01,55.206,2.28,290.6,192.5,102.2917,77.6205,,3.5
2019-09-08,55.7275,2.4625000000000004,,,,,,
2019-09-15,56.16,2.636,,,,,,
2019-09-22,59.331999999999994,2.632,,,,,,
2019-09-29,56.896,2.524,,,,,,
2019-10-06,53.122,2.33,291.7,192.6,101.4281,76.9099,21933.217,3.6
2019-10-13,53.272000000000006,2.26,,,,,,
2019-10-20,53.488,2.246,,,,,,
2019-10-27,55.20399999999999,2.254,,,,,,
2019-11-03,55.17,2.616,290.8,192.6,101.9372,77.252,,3.6
2019-11-10,56.69,2.814,,,,,,
2019-11-17,56.915,2.6900000000000004,,,,,,
2019-11-24,56.9,2.5759999999999996,,,,,,
2019-12-01,58.07,2.485,289.4,192.5,101.7003,77.0416,,3.6
2019-12-08,57.64,2.374,,,,,,
2019-12-15,59.248000000000005,2.238,,,,,,
2019-12-22,60.75,2.276,,,,,,
2019-12-29,61.29,2.03,,,,,,
2020-01-05,61.7425,2.065,291.0,192.4,101.0338,76.519,21751.238,3.6
2020-01-12,60.84,2.0919999999999996,,,,,,
2020-01-19,58.288,2.064,,,,,,
2020-01-26,56.1525,1.9325,,,,,,
2020-02-02,52.696000000000005,1.954,291.5,192.4,101.3735,76.7764,,3.5
2020-02-09,50.36,1.8939999999999997,,,,,,
2020-02-16,50.832,1.898,,,,,,
2020-02-23,53.135000000000005,1.9975,,,,,,
2020-03-01,48.362,1.88,290.4,192.1,97.4078,73.7887,,4.4
2020-03-08,45.574,1.802,,,,,,
2020-03-15,32.386,1.874,,,,,,
2020-03-22,24.194,1.7899999999999998,,,,,,
2020-03-29,19.438,1.732,,,,,,
2020-04-05,21.686,1.62,286.8,192.5,84.5619,64.0847,19958.291,14.8
2020-04-12,24.405,1.7675,,,,,,
2020-04-19,20.119999999999997,1.72,,,,,,
2020-04-26,3.3240000000000007,1.854,,,,,,
2020-05-03,15.712,1.706,284.3,192.2,85.9604,65.1874,,13.2
2020-05-10,23.464,1.838,,,,,,
2020-05-17,26.398000000000003,1.626,,,,,,
2020-05-24,33.096,1.78,,,,,,
2020-05-31,34.185,1.765,,,,,,
2020-06-07,37.322,1.698,285.1,191.8,91.5934,69.5218,,11.0
2020-06-14,37.872,1.704,,,,,,
2020-06-21,38.35,1.524,,,,,,
2020-06-28,39.22,1.568,,,,,,
2020-07-05,39.8475,1.675,286.4,191.4,95.0256,72.2103,21704.437,10.2
2020-07-12,40.442,1.784,,,,,,
2020-07-19,40.57,1.766,,,,,,
2020-07-26,41.338,1.716,,,,,,
2020-08-02,40.686,1.818,287.7,191.3,95.9549,73.0192,,8.4
2020-08-09,41.568,2.132,,,,,,
2020-08-16,42.076,2.168,,,,,,
2020-08-23,42.726,2.3880000000000003,,,,,,
2020-08-30,42.932,2.522,,,,,,
2020-09-06,41.842,2.158,288.2,192.1,95.9669,73.1451,,7.8
2020-09-13,37.375,2.155,,,,,,
2020-09-20,39.554,1.928,,,,,,
2020-09-27,39.78,1.6780000000000002,,,,,,
2020-10-04,38.992,1.648,290.7,193.1,96.7394,73.8636,22087.16,6.9
2020-10-11,40.188,1.906,,,,,,
2020-10-18,40.33,2.1719999999999997,,,,,,
2020-10-25,40.426,2.744,,,,,,
2020-11-01,37.316,3.088,292.0,193.5,97.0816,74.2637,,6.7
2020-11-08,37.708,2.78,,,,,,
2020-11-15,40.658,2.75,,,,,,
2020-11-22,41.516000000000005,2.3899999999999997,,,,,,
2020-11-29,44.4,2.39,,,,,,
2020-12-06,45.37,2.694,293.8,194.0,98.363,75.3903,,6.7
2020-12-13,46.038,2.438,,,,,,
2020-12-20,47.968,2.696,,,,,,
2020-12-27,47.7325,2.72,,,,,,
2021-01-03,47.985,2.385,298.7,195.6,98.8822,75.9401,22680.693,6.4
2021-01-10,50.094,2.742,,,,,,
2021-01-17,52.751999999999995,2.82,,,,,,
2021-01-24,52.8275,2.54,,,,,,
2021-01-31,52.524,2.714,,,,,,
2021-02-07,55.396,3.122,303.2,197.1,95.6149,73.5725,,6.2
2021-02-14,58.54,4.6259999999999994,,,,,,
2021-02-21,60.17,12.175,,,,,,
2021-02-28,62.303999999999995,2.8560000000000003,,,,,,
2021-03-07,62.29200000000001,2.7880000000000003,309.5,200.6,98.3856,75.8472,,6.1
2021-03-14,65.022,2.652,,,,,,
2021-03-21,63.222,2.532,,,,,,
2021-03-28,59.95,2.5420000000000003,,,,,,
2021-04-04,60.66,2.5425,314.5,205.7,98.5587,76.1216,23425.91,6.1
2021-04-11,59.348,2.45,,,,,,
2021-04-18,61.926,2.594,,,,,,
2021-04-25,62.182,2.758,,,,,,
2021-05-02,63.472,2.878,320.6,209.9,99.4333,76.931,,5.8
2021-05-09,65.1,2.95,,,,,,
2021-05-16,65.066,2.93,,,,,,
2021-05-23,64.114,2.9059999999999997,,,,,,
2021-05-30,66.398,2.864,,,,,,
2021-06-06,68.7425,3.0325,324.7,213.8,99.7987,77.3367,,5.9
2021-06-13,70.112,3.116,,,,,,
2021-06-20,71.546,3.278,,,,,,
2021-06-27,73.48400000000001,3.284,,,,,,
2021-07-04,74.06800000000001,3.718,327.081,218.206,100.2519,77.7972,23982.379,5.4
2021-07-11,73.345,3.6525,,,,,,
2021-07-18,73.188,3.732,,,,,,
2021-07-25,69.684,3.928,,,,,,
2021-08-01,72.75,4.061999999999999,330.525,221.293,100.0437,77.7308,,5.1
2021-08-08,69.5,4.151999999999999,,,,,,
2021-08-15,68.334,4.096,,,,,,
2021-08-22,65.048,3.896,,,,,,
2021-08-29,67.59,4.066,,,,,,
2021-09-05,69.15,4.49,331.361,224.647,98.8579,76.8871,,4.7
2021-09-12,68.9825,4.8675,,,,,,
2021-09-19,71.688,5.42,,,,,,
2021-09-26,72.18,5.034000000000001,,,,,,
2021-10-03,75.454,5.678,335.868,228.26,100.1861,77.9838,24813.6,4.5
2021-10-10,78.50399999999999,5.868,,,,,,
2021-10-17,81.176,5.544,,,,,,
2021-10-24,83.476,4.946,,,,,,
2021-10-31,83.84400000000001,5.678,,,,,,
2021-11-07,81.788,5.476,338.561,231.748,100.8654,78.562,,4.1
2021-11-14,81.92999999999999,4.99,,,,,,
2021-11-21,78.99199999999999,4.91,,,,,,
2021-11-28,77.79333333333334,4.903333333333333,,,,,,
2021-12-05,66.89,4.32,339.393,234.807,100.5726,78.3687,,3.9
2021-12-12,71.314,3.674,,,,,,
2021-12-19,71.184,3.786,,,,,,
2021-12-26,71.625,3.845,,,,,,
2022-01-02,76.048,3.562,343.585,238.028,100.1856,78.088,25250.347,4.0
2022-01-09,77.85799999999999,3.804,,,,,,
2022-01-16,81.51599999999999,4.418,,,,,,
2022-01-23,85.92750000000001,4.5,,,,,,
2022-01-30,86.94,4.598000000000001,,,,,,
2022-02-06,89.596,5.7780000000000005,347.303,240.318,100.8064,78.5777,,3.9
2022-02-13,90.614,4.188000000000001,,,,,,
2022-02-20,92.892,4.386,,,,,,
2022-02-27,92.175,4.62,,,,,,
2022-03-06,106.798,4.568,351.652,242.272,101.3907,79.0253,,3.7
2022-03-13,113.39,4.706,,,,,,
2022-03-20,100.43,4.68,,,,,,
2022-03-27,113.692,5.146,,,,,,
2022-04-03,103.892,5.41,359.478,245.751,101.44,79.0418,25861.292,3.7
2022-04-10,99.212,6.078,,,,,,
2022-04-17,101.46,6.64,,,,,,
2022-04-24,104.018,7.101999999999999,,,,,,
2022-05-01,102.848,6.806,363.747,248.165,101.3335,78.9224,,3.6
2022-05-08,106.68800000000002,8.042,,,,,,
2022-05-15,104.998,7.474000000000001,,,,,,
2022-05-22,112.178,8.208,,,,,,
2022-05-29,113.38,8.792,,,,,,
2022-06-05,116.3725,8.5425,368.136,251.177,101.018,78.6259,,3.6
2022-06-12,120.43,8.946,,,,,,
2022-06-19,116.456,7.93,,,,,,
2022-06-26,107.8825,6.425,,,,,,
2022-07-03,110.962,6.346,367.326,253.444,101.223,78.7204,26336.304,3.5
2022-07-10,103.315,5.9,,,,,,
2022-07-17,99.92,6.7620000000000005,,,,,,
2022-07-24,102.24,7.764,,,,,,
2022-07-31,99.604,8.742,,,,,,
2022-08-07,94.008,8.144,366.526,255.367,101.0963,78.5438,,3.6
2022-08-14,94.652,8.15,,,,,,
2022-08-21,91.814,9.194,,,,,,
2022-08-28,94.472,9.564,,,,,,
2022-09-04,90.79,9.166,365.047,255.143,101.2918,78.6087,,3.5
2022-09-11,85.28999999999999,8.305,,,,,,
2022-09-18,87.238,8.419999999999998,,,,,,
2022-09-25,83.462,7.694,,,,,,
2022-10-02,80.076,6.628,363.123,254.281,101.2529,78.4843,26770.514,3.6
2022-10-09,88.22200000000001,6.008,,,,,,
2022-10-16,88.974,6.2875,,,,,,
2022-10-23,85.356,5.484,,,,,,
2022-10-30,87.87,5.116,,,,,,
2022-11-06,89.136,4.564,361.07,253.824,100.9552,78.1544,,3.6
2022-11-13,88.41,4.336,,,,,,
2022-11-20,84.02000000000001,6.064,,,,,,
2022-11-27,78.7375,6.41,,,,,,
2022-12-04,79.292,6.056,358.378,253.852,99.7664,77.1334,,3.5
2022-12-11,73.064,4.598000000000001,,,,,,
2022-12-18,75.124,6.779999999999999,,,,,,
2022-12-25,77.27799999999999,6.348000000000001,,,,,,
2023-01-01,79.2325,4.06,359.934,253.838,100.505,77.601,27216.445,3.5
2023-01-08,74.2675,3.65,,,,,,
2023-01-15,77.096,3.4560000000000004,,,,,,
2023-01-22,80.34,3.1725000000000003,,,,,,
2023-01-29,80.326,3.084,,,,,,
2023-02-05,76.506,2.638,361.913,252.994,100.6416,77.6078,,3.6
2023-02-12,77.506,2.338,,,,,,
2023-02-19,78.51,2.41,,,,,,
2023-02-26,75.42,2.1799999999999997,,,,,,
2023-03-05,77.538,2.594,362.338,252.773,101.0205,77.8036,,3.5
2023-03-12,77.31,2.476,,,,,,
2023-03-19,69.6,2.474,,,,,,
2023-03-26,69.332,2.062,,,,,,
2023-04-02,73.788,2.01,362.945,252.893,101.253,77.888,27530.055,3.4
2023-04-09,80.6225,2.1425,,,,,,
2023-04-16,81.86600000000001,2.0940000000000003,,,,,,
2023-04-23,79.218,2.2060000000000004,,,,,,
2023-04-30,76.314,2.206,,,,,,
2023-05-07,71.164,2.036,361.23,251.971,100.9286,77.5496,,3.6
2023-05-14,72.034,2.102,,,,,,
2023-05-21,71.618,2.29,,,,,,
2023-05-28,72.61600000000001,2.1759999999999997,,,,,,
2023-06-04,69.8525,1.93,357.67,251.356,100.1196,76.8467,,3.6
2023-06-11,71.562,1.99,,,,,,
2023-06-18,69.422,2.052,,,,,,
2023-06-25,70.405,2.2775,,,,,,
2023-07-02,69.364,2.5780000000000003,353.618,250.755,100.9067,77.3773,28074.846,3.5
2023-07-09,71.78999999999999,2.53,,,,,,
2023-07-16,75.19800000000001,2.534,,,,,,
2023-07-23,75.608,2.542,,,,,,
2023-07-30,79.67999999999999,2.588,,,,,,
2023-08-06,81.398,2.494,352.148,250.301,100.8393,77.2588,,3.7
2023-08-13,83.042,2.756,,,,,,
2023-08-20,80.928,2.588,,,,,,
2023-08-27,79.97200000000001,2.532,,,,,,
2023-09-03,82.5,2.568,351.914,250.046,101.0211,77.3375,,3.7
2023-09-10,87.1675,2.5175,,,,,,
2023-09-17,89.144,2.7060000000000004,,,,,,
2023-09-24,90.278,2.622,,,,,,
2023-10-01,91.44,2.664,353.018,250.037,100.4689,76.859,28424.722,3.9
2023-10-08,85.50399999999999,2.91,,,,,,
2023-10-15,85.0325,3.2,,,,,,
2023-10-22,88.026,2.856,,,,,,
2023-10-29,85.196,2.894,,,,,,
2023-11-05,81.99,3.164,351.359,250.109,100.8639,77.1081,,3.7
2023-11-12,77.9225,2.462,,,,,,
2023-11-19,76.976,2.742,,,,,,
2023-11-26,77.02,2.64,,,,,,
2023-12-03,75.494,2.72,350.338,250.012,100.6031,76.858,,3.8
2023-12-10,70.706,2.6239999999999997,,,,,,
2023-12-17,70.114,2.384,,,,,,
2023-12-24,73.228,2.506,,,,,,
2023-12-31,73.515,2.565,,,,,,
2024-01-07,72.4925,2.6775,348.434,250.336,99.2223,75.7542,28708.161,3.7
2024-01-14,72.03,5.114,,,,,,
2024-01-21,73.3575,2.9225,,,,,,
2024-01-28,76.364,2.374,,,,,,
2024-02-04,75.782,2.2039999999999997,350.002,250.425,100.285,76.5157,,3.9
2024-02-11,75.046,1.928,,,,,,
2024-02-18,78.16600000000001,1.592,,,,,,
2024-02-25,78.7125,1.5550000000000002,,,,,,
2024-03-03,79.578,1.584,349.697,251.086,100.4575,76.5964,,3.9
2024-03-10,79.526,1.552,,,,,,
2024-03-17,80.42999999999999,1.4,,,,,,
2024-03-24,82.78999999999999,1.544,,,,,,
2024-03-31,82.7325,1.4775,,,,,,
2024-04-07,86.354,1.702,352.304,252.057,100.2434,76.3803,29147.044,3.9
2024-04-14,86.502,1.688,,,,,,
2024-04-21,84.646,1.462,,,,,,
2024-04-28,84.476,1.5379999999999998,,,,,,
2024-05-05,81.738,1.638,352.537,251.758,100.863,76.7961,,3.9
2024-05-12,80.262,2.002,,,,,,
2024-05-19,80.614,2.226,,,,,,
2024-05-26,79.42999999999999,2.482,,,,,,
2024-06-02,79.5175,2.035,352.733,251.86,100.894,76.7586,,4.1
2024-06-09,75.532,2.432,,,,,,
2024-06-16,79.24199999999999,2.73,,,,,,
2024-06-23,82.2625,2.44,,,,,,
2024-06-30,82.532,2.522,,,,,,
2024-07-07,84.605,2.0775,354.783,251.749,99.9757,75.9946,29511.664,4.2
2024-07-14,83.442,2.264,,,,,,
2024-07-21,82.97999999999999,2.016,,,,,,
2024-07-28,79.256,2.06,,,,,,
2024-08-04,77.106,1.898,355.087,252.483,100.4309,76.2697,,4.2
2024-08-11,76.332,1.882,,,,,,
2024-08-18,79.488,2.128,,,,,,
2024-08-25,74.678,2.0380000000000003,,,,,,
2024-09-01,76.362,1.9419999999999995,353.78,252.661,99.8084,75.7216,,4.1
2024-09-08,70.015,2.0225,,,,,,
2024-09-15,68.822,2.134,,,,,,
2024-09-22,72.142,2.262,,,,,,
2024-09-29,70.218,2.56,,,,,,
2024-10-06,71.832,2.666,352.95,252.52,99.4695,75.3852,29825.182,4.1
2024-10-13,75.688,2.404,,,,,,
2024-10-20,70.8075,2.1475,,,,,,
2024-10-27,71.59400000000001,1.878,,,,,,
2024-11-03,68.686,1.824,351.939,252.14,99.2925,75.1681,,4.2
2024-11-10,71.89,1.4940000000000002,,,,,,
2024-11-17,68.3775,1.7899999999999998,,,,,,
2024-11-24,70.106,2.35,,,,,,
2024-12-01,68.9375,3.1875,351.802,252.048,100.3273,75.8651,,4.1
2024-12-08,68.894,2.904,,,,,,
2024-12-15,69.97200000000001,3.024,,,,,,
2024-12-22,70.39,2.996,,,,,,
2024-12-29,70.5075,2.9275,,,,,,
2025-01-05,72.08500000000001,3.395,,,,,,
